day_of_year,hour,production_per_kw
1,0,0
1,1,0
1,2,0
1,3,0
1,4,0
1,5,0
1,6,0
1,7,0.01
1,8,0.019
1,9,0.037
1,10,0.09
1,11,0.136
1,12,0.13
1,13,0.037
1,14,0
1,15,0
1,16,0
1,17,0
1,18,0
1,19,0
1,20,0
1,21,0
1,22,0
1,23,0
2,0,0
2,1,0
2,2,0
2,3,0
2,4,0
2,5,0
2,6,0
2,7,0.006
2,8,0.02
2,9,0.029
2,10,0.038
2,11,0.043
2,12,0.045
2,13,0.028
2,14,0.001
2,15,0
2,16,0
2,17,0
2,18,0
2,19,0
2,20,0
2,21,0
2,22,0
2,23,0
3,0,0
3,1,0
3,2,0
3,3,0
3,4,0
3,5,0
3,6,0
3,7,0.032
3,8,0.094
3,9,0.14
3,10,0.157
3,11,0.196
3,12,0.133
3,13,0.063
3,14,0.005
3,15,0
3,16,0
3,17,0
3,18,0
3,19,0
3,20,0
3,21,0
3,22,0
3,23,0
4,0,0
4,1,0
4,2,0
4,3,0
4,4,0
4,5,0
4,6,0
4,7,0.173
4,8,0.279
4,9,0.343
4,10,0.322
4,11,0.198
4,12,0.074
4,13,0.018
4,14,0
4,15,0
4,16,0
4,17,0
4,18,0
4,19,0
4,20,0
4,21,0
4,22,0
4,23,0
5,0,0
5,1,0
5,2,0
5,3,0
5,4,0
5,5,0
5,6,0
5,7,0.005
5,8,0.018
5,9,0.031
5,10,0.04
5,11,0.041
5,12,0.041
5,13,0.026
5,14,0.001
5,15,0
5,16,0
5,17,0
5,18,0
5,19,0
5,20,0
5,21,0
5,22,0
5,23,0
6,0,0
6,1,0
6,2,0
6,3,0
6,4,0
6,5,0
6,6,0
6,7,0.109
6,8,0.25
6,9,0.293
6,10,0.223
6,11,0.162
6,12,0.114
6,13,0.06
6,14,0.006
6,15,0
6,16,0
6,17,0
6,18,0
6,19,0
6,20,0
6,21,0
6,22,0
6,23,0
7,0,0
7,1,0
7,2,0
7,3,0
7,4,0
7,5,0
7,6,0
7,7,0.103
7,8,0.264
7,9,0.493
7,10,0.584
7,11,0.536
7,12,0.384
7,13,0.19
7,14,0.023
7,15,0
7,16,0
7,17,0
7,18,0
7,19,0
7,20,0
7,21,0
7,22,0
7,23,0
8,0,0
8,1,0
8,2,0
8,3,0
8,4,0
8,5,0
8,6,0
8,7,0.02
8,8,0.04
8,9,0.045
8,10,0.036
8,11,0.03
8,12,0.022
8,13,0.016
8,14,0.002
8,15,0
8,16,0
8,17,0
8,18,0
8,19,0
8,20,0
8,21,0
8,22,0
8,23,0
9,0,0
9,1,0
9,2,0
9,3,0
9,4,0
9,5,0
9,6,0
9,7,0.028
9,8,0.083
9,9,0.147
9,10,0.228
9,11,0.244
9,12,0.155
9,13,0.062
9,14,0.004
9,15,0
9,16,0
9,17,0
9,18,0
9,19,0
9,20,0
9,21,0
9,22,0
9,23,0
10,0,0
10,1,0
10,2,0
10,3,0
10,4,0
10,5,0
10,6,0
10,7,0.043
10,8,0.121
10,9,0.18
10,10,0.17
10,11,0.131
10,12,0.083
10,13,0.034
10,14,0.002
10,15,0
10,16,0
10,17,0
10,18,0
10,19,0
10,20,0
10,21,0
10,22,0
10,23,0
11,0,0
11,1,0
11,2,0
11,3,0
11,4,0
11,5,0
11,6,0.001
11,7,0.122
11,8,0.338
11,9,0.499
11,10,0.573
11,11,0.558
11,12,0.471
11,13,0.27
11,14,0.049
11,15,0
11,16,0
11,17,0
11,18,0
11,19,0
11,20,0
11,21,0
11,22,0
11,23,0
12,0,0
12,1,0
12,2,0
12,3,0
12,4,0
12,5,0
12,6,0
12,7,0.031
12,8,0.116
12,9,0.286
12,10,0.379
12,11,0.327
12,12,0.17
12,13,0.058
12,14,0.005
12,15,0
12,16,0
12,17,0
12,18,0
12,19,0
12,20,0
12,21,0
12,22,0
12,23,0
13,0,0
13,1,0
13,2,0
13,3,0
13,4,0
13,5,0
13,6,0
13,7,0.047
13,8,0.097
13,9,0.132
13,10,0.144
13,11,0.123
13,12,0.079
13,13,0.041
13,14,0.005
13,15,0
13,16,0
13,17,0
13,18,0
13,19,0
13,20,0
13,21,0
13,22,0
13,23,0
14,0,0
14,1,0
14,2,0
14,3,0
14,4,0
14,5,0
14,6,0
14,7,0.02
14,8,0.068
14,9,0.152
14,10,0.364
14,11,0.364
14,12,0.159
14,13,0.081
14,14,0.011
14,15,0
14,16,0
14,17,0
14,18,0
14,19,0
14,20,0
14,21,0
14,22,0
14,23,0
15,0,0
15,1,0
15,2,0
15,3,0
15,4,0
15,5,0
15,6,0
15,7,0.036
15,8,0.093
15,9,0.185
15,10,0.256
15,11,0.134
15,12,0.053
15,13,0.015
15,14,0
15,15,0
15,16,0
15,17,0
15,18,0
15,19,0
15,20,0
15,21,0
15,22,0
15,23,0
16,0,0
16,1,0
16,2,0
16,3,0
16,4,0
16,5,0
16,6,0
16,7,0.01
16,8,0.03
16,9,0.047
16,10,0.068
16,11,0.069
16,12,0.053
16,13,0.033
16,14,0.005
16,15,0
16,16,0
16,17,0
16,18,0
16,19,0
16,20,0
16,21,0
16,22,0
16,23,0
17,0,0
17,1,0
17,2,0
17,3,0
17,4,0
17,5,0
17,6,0
17,7,0.056
17,8,0.263
17,9,0.267
17,10,0.479
17,11,0.47
17,12,0.286
17,13,0.157
17,14,0.026
17,15,0
17,16,0
17,17,0
17,18,0
17,19,0
17,20,0
17,21,0
17,22,0
17,23,0
18,0,0
18,1,0
18,2,0
18,3,0
18,4,0
18,5,0
18,6,0
18,7,0.029
18,8,0.074
18,9,0.116
18,10,0.154
18,11,0.195
18,12,0.214
18,13,0.104
18,14,0.018
18,15,0
18,16,0
18,17,0
18,18,0
18,19,0
18,20,0
18,21,0
18,22,0
18,23,0
19,0,0
19,1,0
19,2,0
19,3,0
19,4,0
19,5,0
19,6,0.014
19,7,0.228
19,8,0.453
19,9,0.569
19,10,0.614
19,11,0.561
19,12,0.436
19,13,0.225
19,14,0.041
19,15,0
19,16,0
19,17,0
19,18,0
19,19,0
19,20,0
19,21,0
19,22,0
19,23,0
20,0,0
20,1,0
20,2,0
20,3,0
20,4,0
20,5,0
20,6,0.004
20,7,0.063
20,8,0.114
20,9,0.147
20,10,0.16
20,11,0.155
20,12,0.141
20,13,0.102
20,14,0.027
20,15,0
20,16,0
20,17,0
20,18,0
20,19,0
20,20,0
20,21,0
20,22,0
20,23,0
21,0,0
21,1,0
21,2,0
21,3,0
21,4,0
21,5,0
21,6,0.011
21,7,0.149
21,8,0.338
21,9,0.529
21,10,0.61
21,11,0.597
21,12,0.5
21,13,0.322
21,14,0.088
21,15,0
21,16,0
21,17,0
21,18,0
21,19,0
21,20,0
21,21,0
21,22,0
21,23,0
22,0,0
22,1,0
22,2,0
22,3,0
22,4,0
22,5,0
22,6,0.011
22,7,0.131
22,8,0.359
22,9,0.555
22,10,0.626
22,11,0.602
22,12,0.505
22,13,0.33
22,14,0.093
22,15,0
22,16,0
22,17,0
22,18,0
22,19,0
22,20,0
22,21,0
22,22,0
22,23,0
23,0,0
23,1,0
23,2,0
23,3,0
23,4,0
23,5,0
23,6,0.01
23,7,0.141
23,8,0.325
23,9,0.459
23,10,0.437
23,11,0.364
23,12,0.237
23,13,0.124
23,14,0.022
23,15,0
23,16,0
23,17,0
23,18,0
23,19,0
23,20,0
23,21,0
23,22,0
23,23,0
24,0,0
24,1,0
24,2,0
24,3,0
24,4,0
24,5,0
24,6,0.006
24,7,0.084
24,8,0.165
24,9,0.235
24,10,0.278
24,11,0.267
24,12,0.188
24,13,0.09
24,14,0.017
24,15,0
24,16,0
24,17,0
24,18,0
24,19,0
24,20,0
24,21,0
24,22,0
24,23,0
25,0,0
25,1,0
25,2,0
25,3,0
25,4,0
25,5,0
25,6,0.005
25,7,0.07
25,8,0.15
25,9,0.231
25,10,0.276
25,11,0.232
25,12,0.18
25,13,0.095
25,14,0.018
25,15,0
25,16,0
25,17,0
25,18,0
25,19,0
25,20,0
25,21,0
25,22,0
25,23,0
26,0,0
26,1,0
26,2,0
26,3,0
26,4,0
26,5,0
26,6,0.004
26,7,0.04
26,8,0.065
26,9,0.1
26,10,0.154
26,11,0.214
26,12,0.117
26,13,0.041
26,14,0.006
26,15,0
26,16,0
26,17,0
26,18,0
26,19,0
26,20,0
26,21,0
26,22,0
26,23,0
27,0,0
27,1,0
27,2,0
27,3,0
27,4,0
27,5,0
27,6,0.005
27,7,0.062
27,8,0.153
27,9,0.268
27,10,0.298
27,11,0.221
27,12,0.156
27,13,0.092
27,14,0.024
27,15,0
27,16,0
27,17,0
27,18,0
27,19,0
27,20,0
27,21,0
27,22,0
27,23,0
28,0,0
28,1,0
28,2,0
28,3,0
28,4,0
28,5,0
28,6,0.013
28,7,0.058
28,8,0.086
28,9,0.116
28,10,0.249
28,11,0.306
28,12,0.285
28,13,0.137
28,14,0.014
28,15,0
28,16,0
28,17,0
28,18,0
28,19,0
28,20,0
28,21,0
28,22,0
28,23,0
29,0,0
29,1,0
29,2,0
29,3,0
29,4,0
29,5,0
29,6,0.04
29,7,0.23
29,8,0.352
29,9,0.411
29,10,0.451
29,11,0.418
29,12,0.281
29,13,0.143
29,14,0.034
29,15,0
29,16,0
29,17,0
29,18,0
29,19,0
29,20,0
29,21,0
29,22,0
29,23,0
30,0,0
30,1,0
30,2,0
30,3,0
30,4,0
30,5,0
30,6,0.022
30,7,0.186
30,8,0.38
30,9,0.534
30,10,0.546
30,11,0.519
30,12,0.469
30,13,0.315
30,14,0.097
30,15,0
30,16,0
30,17,0
30,18,0
30,19,0
30,20,0
30,21,0
30,22,0
30,23,0
31,0,0
31,1,0
31,2,0
31,3,0
31,4,0
31,5,0
31,6,0.058
31,7,0.291
31,8,0.487
31,9,0.602
31,10,0.634
31,11,0.611
31,12,0.516
31,13,0.347
31,14,0.117
31,15,0
31,16,0
31,17,0
31,18,0
31,19,0
31,20,0
31,21,0
31,22,0
31,23,0
32,0,0
32,1,0
32,2,0
32,3,0
32,4,0
32,5,0
32,6,0.075
32,7,0.221
32,8,0.413
32,9,0.613
32,10,0.64
32,11,0.54
32,12,0.374
32,13,0.273
32,14,0.069
32,15,0
32,16,0
32,17,0
32,18,0
32,19,0
32,20,0
32,21,0
32,22,0
32,23,0
33,0,0
33,1,0
33,2,0
33,3,0
33,4,0
33,5,0
33,6,0.01
33,7,0.132
33,8,0.286
33,9,0.387
33,10,0.427
33,11,0.309
33,12,0.135
33,13,0.049
33,14,0.008
33,15,0
33,16,0
33,17,0
33,18,0
33,19,0
33,20,0
33,21,0
33,22,0
33,23,0
34,0,0
34,1,0
34,2,0
34,3,0
34,4,0
34,5,0
34,6,0.031
34,7,0.152
34,8,0.298
34,9,0.439
34,10,0.303
34,11,0.148
34,12,0.082
34,13,0.038
34,14,0.012
34,15,0
34,16,0
34,17,0
34,18,0
34,19,0
34,20,0
34,21,0
34,22,0
34,23,0
35,0,0
35,1,0
35,2,0
35,3,0
35,4,0
35,5,0
35,6,0.02
35,7,0.097
35,8,0.164
35,9,0.191
35,10,0.202
35,11,0.22
35,12,0.153
35,13,0.098
35,14,0.04
35,15,0
35,16,0
35,17,0
35,18,0
35,19,0
35,20,0
35,21,0
35,22,0
35,23,0
36,0,0
36,1,0
36,2,0
36,3,0
36,4,0
36,5,0
36,6,0.057
36,7,0.274
36,8,0.49
36,9,0.598
36,10,0.644
36,11,0.62
36,12,0.524
36,13,0.366
36,14,0.145
36,15,0
36,16,0
36,17,0
36,18,0
36,19,0
36,20,0
36,21,0
36,22,0
36,23,0
37,0,0
37,1,0
37,2,0
37,3,0
37,4,0
37,5,0
37,6,0.05
37,7,0.209
37,8,0.435
37,9,0.519
37,10,0.576
37,11,0.581
37,12,0.517
37,13,0.382
37,14,0.167
37,15,0.001
37,16,0
37,17,0
37,18,0
37,19,0
37,20,0
37,21,0
37,22,0
37,23,0
38,0,0
38,1,0
38,2,0
38,3,0
38,4,0
38,5,0
38,6,0.097
38,7,0.326
38,8,0.53
38,9,0.637
38,10,0.67
38,11,0.645
38,12,0.562
38,13,0.415
38,14,0.195
38,15,0.004
38,16,0
38,17,0
38,18,0
38,19,0
38,20,0
38,21,0
38,22,0
38,23,0
39,0,0
39,1,0
39,2,0
39,3,0
39,4,0
39,5,0
39,6,0.025
39,7,0.069
39,8,0.13
39,9,0.205
39,10,0.262
39,11,0.3
39,12,0.275
39,13,0.219
39,14,0.108
39,15,0.002
39,16,0
39,17,0
39,18,0
39,19,0
39,20,0
39,21,0
39,22,0
39,23,0
40,0,0
40,1,0
40,2,0
40,3,0
40,4,0
40,5,0
40,6,0.033
40,7,0.13
40,8,0.19
40,9,0.169
40,10,0.173
40,11,0.247
40,12,0.294
40,13,0.212
40,14,0.136
40,15,0.003
40,16,0
40,17,0
40,18,0
40,19,0
40,20,0
40,21,0
40,22,0
40,23,0
41,0,0
41,1,0
41,2,0
41,3,0
41,4,0
41,5,0
41,6,0.05
41,7,0.176
41,8,0.329
41,9,0.472
41,10,0.613
41,11,0.606
41,12,0.46
41,13,0.213
41,14,0.077
41,15,0.001
41,16,0
41,17,0
41,18,0
41,19,0
41,20,0
41,21,0
41,22,0
41,23,0
42,0,0
42,1,0
42,2,0
42,3,0
42,4,0
42,5,0
42,6,0.083
42,7,0.105
42,8,0.204
42,9,0.388
42,10,0.405
42,11,0.33
42,12,0.192
42,13,0.086
42,14,0.032
42,15,0
42,16,0
42,17,0
42,18,0
42,19,0
42,20,0
42,21,0
42,22,0
42,23,0
43,0,0
43,1,0
43,2,0
43,3,0
43,4,0
43,5,0
43,6,0.025
43,7,0.111
43,8,0.334
43,9,0.345
43,10,0.294
43,11,0.336
43,12,0.274
43,13,0.17
43,14,0.06
43,15,0
43,16,0
43,17,0
43,18,0
43,19,0
43,20,0
43,21,0
43,22,0
43,23,0
44,0,0
44,1,0
44,2,0
44,3,0
44,4,0
44,5,0
44,6,0.02
44,7,0.048
44,8,0.123
44,9,0.17
44,10,0.157
44,11,0.144
44,12,0.093
44,13,0.031
44,14,0.002
44,15,0
44,16,0
44,17,0
44,18,0
44,19,0
44,20,0
44,21,0
44,22,0
44,23,0
45,0,0
45,1,0
45,2,0
45,3,0
45,4,0
45,5,0
45,6,0.011
45,7,0.056
45,8,0.135
45,9,0.207
45,10,0.266
45,11,0.183
45,12,0.157
45,13,0.091
45,14,0.027
45,15,0
45,16,0
45,17,0
45,18,0
45,19,0
45,20,0
45,21,0
45,22,0
45,23,0
46,0,0
46,1,0
46,2,0
46,3,0
46,4,0
46,5,0
46,6,0.012
46,7,0.065
46,8,0.159
46,9,0.334
46,10,0.453
46,11,0.441
46,12,0.323
46,13,0.208
46,14,0.105
46,15,0.01
46,16,0
46,17,0
46,18,0
46,19,0
46,20,0
46,21,0
46,22,0
46,23,0
47,0,0
47,1,0
47,2,0
47,3,0
47,4,0
47,5,0
47,6,0.099
47,7,0.304
47,8,0.521
47,9,0.622
47,10,0.654
47,11,0.629
47,12,0.55
47,13,0.407
47,14,0.203
47,15,0.02
47,16,0
47,17,0
47,18,0
47,19,0
47,20,0
47,21,0
47,22,0
47,23,0
48,0,0
48,1,0
48,2,0
48,3,0
48,4,0
48,5,0.001
48,6,0.19
48,7,0.416
48,8,0.57
48,9,0.658
48,10,0.685
48,11,0.659
48,12,0.576
48,13,0.434
48,14,0.228
48,15,0.027
48,16,0
48,17,0
48,18,0
48,19,0
48,20,0
48,21,0
48,22,0
48,23,0
49,0,0
49,1,0
49,2,0
49,3,0
49,4,0
49,5,0.001
49,6,0.155
49,7,0.355
49,8,0.507
49,9,0.603
49,10,0.632
49,11,0.608
49,12,0.523
49,13,0.384
49,14,0.192
49,15,0.022
49,16,0
49,17,0
49,18,0
49,19,0
49,20,0
49,21,0
49,22,0
49,23,0
50,0,0
50,1,0
50,2,0
50,3,0
50,4,0
50,5,0.003
50,6,0.214
50,7,0.43
50,8,0.581
50,9,0.663
50,10,0.69
50,11,0.662
50,12,0.577
50,13,0.436
50,14,0.231
50,15,0.031
50,16,0
50,17,0
50,18,0
50,19,0
50,20,0
50,21,0
50,22,0
50,23,0
51,0,0
51,1,0
51,2,0
51,3,0
51,4,0
51,5,0
51,6,0.034
51,7,0.137
51,8,0.256
51,9,0.385
51,10,0.519
51,11,0.473
51,12,0.414
51,13,0.297
51,14,0.137
51,15,0.015
51,16,0
51,17,0
51,18,0
51,19,0
51,20,0
51,21,0
51,22,0
51,23,0
52,0,0
52,1,0
52,2,0
52,3,0
52,4,0
52,5,0
52,6,0.045
52,7,0.158
52,8,0.25
52,9,0.368
52,10,0.401
52,11,0.323
52,12,0.234
52,13,0.129
52,14,0.041
52,15,0
52,16,0
52,17,0
52,18,0
52,19,0
52,20,0
52,21,0
52,22,0
52,23,0
53,0,0
53,1,0
53,2,0
53,3,0
53,4,0
53,5,0
53,6,0.048
53,7,0.26
53,8,0.602
53,9,0.72
53,10,0.767
53,11,0.75
53,12,0.669
53,13,0.524
53,14,0.308
53,15,0.062
53,16,0
53,17,0
53,18,0
53,19,0
53,20,0
53,21,0
53,22,0
53,23,0
54,0,0
54,1,0
54,2,0
54,3,0
54,4,0
54,5,0.011
54,6,0.25
54,7,0.462
54,8,0.615
54,9,0.668
54,10,0.67
54,11,0.538
54,12,0.325
54,13,0.208
54,14,0.105
54,15,0.019
54,16,0
54,17,0
54,18,0
54,19,0
54,20,0
54,21,0
54,22,0
54,23,0
55,0,0
55,1,0
55,2,0
55,3,0
55,4,0
55,5,0.001
55,6,0.066
55,7,0.165
55,8,0.201
55,9,0.185
55,10,0.21
55,11,0.231
55,12,0.217
55,13,0.202
55,14,0.146
55,15,0.033
55,16,0
55,17,0
55,18,0
55,19,0
55,20,0
55,21,0
55,22,0
55,23,0
56,0,0
56,1,0
56,2,0
56,3,0
56,4,0
56,5,0.01
56,6,0.187
56,7,0.33
56,8,0.388
56,9,0.215
56,10,0.222
56,11,0.236
56,12,0.206
56,13,0.132
56,14,0.068
56,15,0.012
56,16,0
56,17,0
56,18,0
56,19,0
56,20,0
56,21,0
56,22,0
56,23,0
57,0,0
57,1,0
57,2,0
57,3,0
57,4,0
57,5,0
57,6,0.014
57,7,0.037
57,8,0.059
57,9,0.126
57,10,0.358
57,11,0.682
57,12,0.597
57,13,0.455
57,14,0.262
57,15,0.056
57,16,0
57,17,0
57,18,0
57,19,0
57,20,0
57,21,0
57,22,0
57,23,0
58,0,0
58,1,0
58,2,0
58,3,0
58,4,0
58,5,0.004
58,6,0.076
58,7,0.215
58,8,0.434
58,9,0.672
58,10,0.701
58,11,0.675
58,12,0.593
58,13,0.464
58,14,0.272
58,15,0.058
58,16,0
58,17,0
58,18,0
58,19,0
58,20,0
58,21,0
58,22,0
58,23,0
59,0,0
59,1,0
59,2,0
59,3,0
59,4,0
59,5,0.022
59,6,0.25
59,7,0.451
59,8,0.588
59,9,0.639
59,10,0.636
59,11,0.639
59,12,0.584
59,13,0.456
59,14,0.258
59,15,0.045
59,16,0
59,17,0
59,18,0
59,19,0
59,20,0
59,21,0
59,22,0
59,23,0
60,0,0
60,1,0
60,2,0
60,3,0
60,4,0
60,5,0.001
60,6,0.04
60,7,0.134
60,8,0.343
60,9,0.421
60,10,0.464
60,11,0.415
60,12,0.279
60,13,0.184
60,14,0.077
60,15,0.011
60,16,0
60,17,0
60,18,0
60,19,0
60,20,0
60,21,0
60,22,0
60,23,0
61,0,0
61,1,0
61,2,0
61,3,0
61,4,0
61,5,0.011
61,6,0.126
61,7,0.294
61,8,0.412
61,9,0.607
61,10,0.695
61,11,0.653
61,12,0.507
61,13,0.311
61,14,0.158
61,15,0.039
61,16,0
61,17,0
61,18,0
61,19,0
61,20,0
61,21,0
61,22,0
61,23,0
62,0,0
62,1,0
62,2,0
62,3,0
62,4,0
62,5,0.016
62,6,0.138
62,7,0.252
62,8,0.381
62,9,0.408
62,10,0.355
62,11,0.271
62,12,0.273
62,13,0.188
62,14,0.139
62,15,0.025
62,16,0
62,17,0
62,18,0
62,19,0
62,20,0
62,21,0
62,22,0
62,23,0
63,0,0
63,1,0
63,2,0
63,3,0
63,4,0
63,5,0.002
63,6,0.078
63,7,0.362
63,8,0.562
63,9,0.648
63,10,0.655
63,11,0.524
63,12,0.377
63,13,0.214
63,14,0.128
63,15,0.022
63,16,0
63,17,0
63,18,0
63,19,0
63,20,0
63,21,0
63,22,0
63,23,0
64,0,0
64,1,0
64,2,0
64,3,0
64,4,0
64,5,0.024
64,6,0.212
64,7,0.398
64,8,0.454
64,9,0.485
64,10,0.583
64,11,0.554
64,12,0.369
64,13,0.183
64,14,0.083
64,15,0.014
64,16,0
64,17,0
64,18,0
64,19,0
64,20,0
64,21,0
64,22,0
64,23,0
65,0,0
65,1,0
65,2,0
65,3,0
65,4,0
65,5,0.011
65,6,0.097
65,7,0.309
65,8,0.516
65,9,0.663
65,10,0.727
65,11,0.712
65,12,0.641
65,13,0.513
65,14,0.328
65,15,0.106
65,16,0
65,17,0
65,18,0
65,19,0
65,20,0
65,21,0
65,22,0
65,23,0
66,0,0
66,1,0
66,2,0
66,3,0
66,4,0
66,5,0.036
66,6,0.116
66,7,0.191
66,8,0.494
66,9,0.621
66,10,0.675
66,11,0.601
66,12,0.455
66,13,0.381
66,14,0.241
66,15,0.072
66,16,0
66,17,0
66,18,0
66,19,0
66,20,0
66,21,0
66,22,0
66,23,0
67,0,0
67,1,0
67,2,0
67,3,0
67,4,0
67,5,0.02
67,6,0.113
67,7,0.25
67,8,0.428
67,9,0.6
67,10,0.689
67,11,0.643
67,12,0.555
67,13,0.412
67,14,0.263
67,15,0.091
67,16,0
67,17,0
67,18,0
67,19,0
67,20,0
67,21,0
67,22,0
67,23,0
68,0,0
68,1,0
68,2,0
68,3,0
68,4,0
68,5,0.012
68,6,0.076
68,7,0.214
68,8,0.356
68,9,0.549
68,10,0.611
68,11,0.249
68,12,0.113
68,13,0.123
68,14,0.168
68,15,0.065
68,16,0
68,17,0
68,18,0
68,19,0
68,20,0
68,21,0
68,22,0
68,23,0
69,0,0
69,1,0
69,2,0
69,3,0
69,4,0
69,5,0.067
69,6,0.277
69,7,0.376
69,8,0.214
69,9,0.267
69,10,0.394
69,11,0.244
69,12,0.108
69,13,0.067
69,14,0.056
69,15,0.027
69,16,0
69,17,0
69,18,0
69,19,0
69,20,0
69,21,0
69,22,0
69,23,0
70,0,0
70,1,0
70,2,0
70,3,0
70,4,0
70,5,0.019
70,6,0.13
70,7,0.266
70,8,0.349
70,9,0.337
70,10,0.363
70,11,0.343
70,12,0.289
70,13,0.18
70,14,0.063
70,15,0.017
70,16,0
70,17,0
70,18,0
70,19,0
70,20,0
70,21,0
70,22,0
70,23,0
71,0,0
71,1,0
71,2,0
71,3,0
71,4,0
71,5,0.019
71,6,0.098
71,7,0.302
71,8,0.569
71,9,0.592
71,10,0.546
71,11,0.551
71,12,0.494
71,13,0.37
71,14,0.25
71,15,0.095
71,16,0
71,17,0
71,18,0
71,19,0
71,20,0
71,21,0
71,22,0
71,23,0
72,0,0
72,1,0
72,2,0
72,3,0
72,4,0
72,5,0.017
72,6,0.051
72,7,0.094
72,8,0.123
72,9,0.114
72,10,0.148
72,11,0.229
72,12,0.243
72,13,0.211
72,14,0.107
72,15,0.05
72,16,0
72,17,0
72,18,0
72,19,0
72,20,0
72,21,0
72,22,0
72,23,0
73,0,0
73,1,0
73,2,0
73,3,0
73,4,0
73,5,0.065
73,6,0.252
73,7,0.407
73,8,0.457
73,9,0.355
73,10,0.383
73,11,0.452
73,12,0.329
73,13,0.245
73,14,0.184
73,15,0.067
73,16,0
73,17,0
73,18,0
73,19,0
73,20,0
73,21,0
73,22,0
73,23,0
74,0,0
74,1,0
74,2,0
74,3,0
74,4,0
74,5,0.005
74,6,0.039
74,7,0.104
74,8,0.285
74,9,0.583
74,10,0.621
74,11,0.469
74,12,0.359
74,13,0.297
74,14,0.193
74,15,0.074
74,16,0.001
74,17,0
74,18,0
74,19,0
74,20,0
74,21,0
74,22,0
74,23,0
75,0,0
75,1,0
75,2,0
75,3,0
75,4,0
75,5,0.032
75,6,0.164
75,7,0.286
75,8,0.41
75,9,0.422
75,10,0.369
75,11,0.255
75,12,0.213
75,13,0.126
75,14,0.095
75,15,0.052
75,16,0.001
75,17,0
75,18,0
75,19,0
75,20,0
75,21,0
75,22,0
75,23,0
76,0,0
76,1,0
76,2,0
76,3,0
76,4,0
76,5,0.038
76,6,0.144
76,7,0.329
76,8,0.435
76,9,0.607
76,10,0.7
76,11,0.715
76,12,0.654
76,13,0.531
76,14,0.353
76,15,0.142
76,16,0.005
76,17,0
76,18,0
76,19,0
76,20,0
76,21,0
76,22,0
76,23,0
77,0,0
77,1,0
77,2,0
77,3,0
77,4,0
77,5,0.017
77,6,0.083
77,7,0.238
77,8,0.331
77,9,0.355
77,10,0.384
77,11,0.373
77,12,0.288
77,13,0.232
77,14,0.163
77,15,0.069
77,16,0.002
77,17,0
77,18,0
77,19,0
77,20,0
77,21,0
77,22,0
77,23,0
78,0,0
78,1,0
78,2,0
78,3,0
78,4,0
78,5,0.088
78,6,0.288
78,7,0.465
78,8,0.49
78,9,0.5
78,10,0.528
78,11,0.509
78,12,0.449
78,13,0.317
78,14,0.159
78,15,0.055
78,16,0.002
78,17,0
78,18,0
78,19,0
78,20,0
78,21,0
78,22,0
78,23,0
79,0,0
79,1,0
79,2,0
79,3,0
79,4,0
79,5,0.081
79,6,0.304
79,7,0.461
79,8,0.504
79,9,0.604
79,10,0.676
79,11,0.679
79,12,0.635
79,13,0.528
79,14,0.344
79,15,0.122
79,16,0.006
79,17,0
79,18,0
79,19,0
79,20,0
79,21,0
79,22,0
79,23,0
80,0,0
80,1,0
80,2,0
80,3,0
80,4,0
80,5,0.059
80,6,0.18
80,7,0.264
80,8,0.253
80,9,0.213
80,10,0.216
80,11,0.195
80,12,0.156
80,13,0.12
80,14,0.084
80,15,0.037
80,16,0.001
80,17,0
80,18,0
80,19,0
80,20,0
80,21,0
80,22,0
80,23,0
81,0,0
81,1,0
81,2,0
81,3,0
81,4,0
81,5,0.047
81,6,0.189
81,7,0.403
81,8,0.388
81,9,0.186
81,10,0.177
81,11,0.344
81,12,0.473
81,13,0.453
81,14,0.287
81,15,0.059
81,16,0.001
81,17,0
81,18,0
81,19,0
81,20,0
81,21,0
81,22,0
81,23,0
82,0,0
82,1,0
82,2,0
82,3,0
82,4,0
82,5,0.029
82,6,0.105
82,7,0.346
82,8,0.6
82,9,0.727
82,10,0.756
82,11,0.735
82,12,0.663
82,13,0.544
82,14,0.375
82,15,0.172
82,16,0.014
82,17,0
82,18,0
82,19,0
82,20,0
82,21,0
82,22,0
82,23,0
83,0,0
83,1,0
83,2,0
83,3,0
83,4,0
83,5,0.021
83,6,0.135
83,7,0.375
83,8,0.561
83,9,0.706
83,10,0.733
83,11,0.717
83,12,0.654
83,13,0.533
83,14,0.363
83,15,0.161
83,16,0.012
83,17,0
83,18,0
83,19,0
83,20,0
83,21,0
83,22,0
83,23,0
84,0,0
84,1,0
84,2,0
84,3,0
84,4,0
84,5,0.038
84,6,0.145
84,7,0.253
84,8,0.374
84,9,0.391
84,10,0.436
84,11,0.412
84,12,0.297
84,13,0.196
84,14,0.101
84,15,0.038
84,16,0.001
84,17,0
84,18,0
84,19,0
84,20,0
84,21,0
84,22,0
84,23,0
85,0,0
85,1,0
85,2,0
85,3,0
85,4,0
85,5,0.033
85,6,0.199
85,7,0.424
85,8,0.521
85,9,0.575
85,10,0.633
85,11,0.629
85,12,0.544
85,13,0.397
85,14,0.19
85,15,0.068
85,16,0.008
85,17,0
85,18,0
85,19,0
85,20,0
85,21,0
85,22,0
85,23,0
86,0,0
86,1,0
86,2,0
86,3,0
86,4,0.001
86,5,0.126
86,6,0.37
86,7,0.561
86,8,0.695
86,9,0.775
86,10,0.803
86,11,0.783
86,12,0.712
86,13,0.589
86,14,0.416
86,15,0.204
86,16,0.023
86,17,0
86,18,0
86,19,0
86,20,0
86,21,0
86,22,0
86,23,0
87,0,0
87,1,0
87,2,0
87,3,0
87,4,0
87,5,0.024
87,6,0.043
87,7,0.064
87,8,0.071
87,9,0.068
87,10,0.107
87,11,0.177
87,12,0.195
87,13,0.238
87,14,0.191
87,15,0.105
87,16,0.019
87,17,0
87,18,0
87,19,0
87,20,0
87,21,0
87,22,0
87,23,0
88,0,0
88,1,0
88,2,0
88,3,0
88,4,0.003
88,5,0.123
88,6,0.307
88,7,0.501
88,8,0.616
88,9,0.674
88,10,0.678
88,11,0.605
88,12,0.48
88,13,0.338
88,14,0.243
88,15,0.14
88,16,0.023
88,17,0
88,18,0
88,19,0
88,20,0
88,21,0
88,22,0
88,23,0
89,0,0
89,1,0
89,2,0
89,3,0
89,4,0.003
89,5,0.086
89,6,0.255
89,7,0.466
89,8,0.653
89,9,0.73
89,10,0.756
89,11,0.736
89,12,0.665
89,13,0.548
89,14,0.387
89,15,0.194
89,16,0.027
89,17,0
89,18,0
89,19,0
89,20,0
89,21,0
89,22,0
89,23,0
90,0,0
90,1,0
90,2,0
90,3,0
90,4,0.004
90,5,0.133
90,6,0.337
90,7,0.513
90,8,0.634
90,9,0.707
90,10,0.732
90,11,0.712
90,12,0.64
90,13,0.515
90,14,0.339
90,15,0.121
90,16,0.016
90,17,0
90,18,0
90,19,0
90,20,0
90,21,0
90,22,0
90,23,0
91,0,0
91,1,0
91,2,0
91,3,0
91,4,0.004
91,5,0.148
91,6,0.368
91,7,0.557
91,8,0.693
91,9,0.776
91,10,0.807
91,11,0.787
91,12,0.717
91,13,0.598
91,14,0.428
91,15,0.22
91,16,0.034
91,17,0
91,18,0
91,19,0
91,20,0
91,21,0
91,22,0
91,23,0
92,0,0
92,1,0
92,2,0
92,3,0
92,4,0.005
92,5,0.159
92,6,0.378
92,7,0.559
92,8,0.685
92,9,0.755
92,10,0.776
92,11,0.75
92,12,0.676
92,13,0.556
92,14,0.389
92,15,0.194
92,16,0.031
92,17,0
92,18,0
92,19,0
92,20,0
92,21,0
92,22,0
92,23,0
93,0,0
93,1,0
93,2,0
93,3,0
93,4,0.006
93,5,0.111
93,6,0.279
93,7,0.42
93,8,0.478
93,9,0.51
93,10,0.499
93,11,0.422
93,12,0.447
93,13,0.354
93,14,0.155
93,15,0.035
93,16,0.003
93,17,0
93,18,0
93,19,0
93,20,0
93,21,0
93,22,0
93,23,0
94,0,0
94,1,0
94,2,0
94,3,0
94,4,0.005
94,5,0.059
94,6,0.133
94,7,0.216
94,8,0.304
94,9,0.507
94,10,0.641
94,11,0.618
94,12,0.54
94,13,0.434
94,14,0.304
94,15,0.153
94,16,0.029
94,17,0
94,18,0
94,19,0
94,20,0
94,21,0
94,22,0
94,23,0
95,0,0
95,1,0
95,2,0
95,3,0
95,4,0.005
95,5,0.072
95,6,0.184
95,7,0.345
95,8,0.546
95,9,0.66
95,10,0.691
95,11,0.65
95,12,0.56
95,13,0.43
95,14,0.28
95,15,0.14
95,16,0.028
95,17,0
95,18,0
95,19,0
95,20,0
95,21,0
95,22,0
95,23,0
96,0,0
96,1,0
96,2,0
96,3,0
96,4,0.003
96,5,0.036
96,6,0.091
96,7,0.177
96,8,0.29
96,9,0.336
96,10,0.263
96,11,0.154
96,12,0.113
96,13,0.087
96,14,0.057
96,15,0.025
96,16,0.003
96,17,0
96,18,0
96,19,0
96,20,0
96,21,0
96,22,0
96,23,0
97,0,0
97,1,0
97,2,0
97,3,0
97,4,0.003
97,5,0.032
97,6,0.077
97,7,0.136
97,8,0.211
97,9,0.296
97,10,0.52
97,11,0.608
97,12,0.585
97,13,0.495
97,14,0.358
97,15,0.177
97,16,0.04
97,17,0
97,18,0
97,19,0
97,20,0
97,21,0
97,22,0
97,23,0
98,0,0
98,1,0
98,2,0
98,3,0
98,4,0.011
98,5,0.134
98,6,0.302
98,7,0.491
98,8,0.622
98,9,0.703
98,10,0.718
98,11,0.687
98,12,0.598
98,13,0.485
98,14,0.346
98,15,0.141
98,16,0.031
98,17,0
98,18,0
98,19,0
98,20,0
98,21,0
98,22,0
98,23,0
99,0,0
99,1,0
99,2,0
99,3,0
99,4,0.012
99,5,0.11
99,6,0.263
99,7,0.424
99,8,0.553
99,9,0.678
99,10,0.71
99,11,0.674
99,12,0.595
99,13,0.455
99,14,0.319
99,15,0.15
99,16,0.036
99,17,0
99,18,0
99,19,0
99,20,0
99,21,0
99,22,0
99,23,0
100,0,0
100,1,0
100,2,0
100,3,0
100,4,0.013
100,5,0.102
100,6,0.247
100,7,0.343
100,8,0.438
100,9,0.46
100,10,0.44
100,11,0.397
100,12,0.31
100,13,0.215
100,14,0.129
100,15,0.065
100,16,0.013
100,17,0
100,18,0
100,19,0
100,20,0
100,21,0
100,22,0
100,23,0
101,0,0
101,1,0
101,2,0
101,3,0
101,4,0.005
101,5,0.054
101,6,0.133
101,7,0.217
101,8,0.286
101,9,0.317
101,10,0.325
101,11,0.324
101,12,0.294
101,13,0.236
101,14,0.159
101,15,0.082
101,16,0.022
101,17,0
101,18,0
101,19,0
101,20,0
101,21,0
101,22,0
101,23,0
102,0,0
102,1,0
102,2,0
102,3,0
102,4,0.01
102,5,0.07
102,6,0.159
102,7,0.228
102,8,0.281
102,9,0.295
102,10,0.317
102,11,0.292
102,12,0.226
102,13,0.15
102,14,0.104
102,15,0.052
102,16,0.013
102,17,0
102,18,0
102,19,0
102,20,0
102,21,0
102,22,0
102,23,0
103,0,0
103,1,0
103,2,0
103,3,0
103,4,0.009
103,5,0.056
103,6,0.109
103,7,0.144
103,8,0.158
103,9,0.153
103,10,0.202
103,11,0.228
103,12,0.249
103,13,0.253
103,14,0.174
103,15,0.089
103,16,0.024
103,17,0
103,18,0
103,19,0
103,20,0
103,21,0
103,22,0
103,23,0
104,0,0
104,1,0
104,2,0
104,3,0
104,4,0.014
104,5,0.08
104,6,0.188
104,7,0.302
104,8,0.418
104,9,0.49
104,10,0.538
104,11,0.546
104,12,0.539
104,13,0.493
104,14,0.345
104,15,0.168
104,16,0.04
104,17,0
104,18,0
104,19,0
104,20,0
104,21,0
104,22,0
104,23,0
105,0,0
105,1,0
105,2,0
105,3,0
105,4,0.022
105,5,0.152
105,6,0.392
105,7,0.569
105,8,0.692
105,9,0.771
105,10,0.801
105,11,0.783
105,12,0.717
105,13,0.604
105,14,0.445
105,15,0.249
105,16,0.062
105,17,0
105,18,0
105,19,0
105,20,0
105,21,0
105,22,0
105,23,0
106,0,0
106,1,0
106,2,0
106,3,0
106,4,0.022
106,5,0.196
106,6,0.405
106,7,0.577
106,8,0.703
106,9,0.777
106,10,0.804
106,11,0.783
106,12,0.715
106,13,0.591
106,14,0.396
106,15,0.154
106,16,0.035
106,17,0
106,18,0
106,19,0
106,20,0
106,21,0
106,22,0
106,23,0
107,0,0
107,1,0
107,2,0
107,3,0
107,4,0.017
107,5,0.101
107,6,0.285
107,7,0.462
107,8,0.577
107,9,0.63
107,10,0.671
107,11,0.66
107,12,0.623
107,13,0.499
107,14,0.346
107,15,0.194
107,16,0.057
107,17,0.001
107,18,0
107,19,0
107,20,0
107,21,0
107,22,0
107,23,0
108,0,0
108,1,0
108,2,0
108,3,0
108,4,0.026
108,5,0.18
108,6,0.373
108,7,0.538
108,8,0.656
108,9,0.713
108,10,0.737
108,11,0.722
108,12,0.667
108,13,0.566
108,14,0.421
108,15,0.24
108,16,0.064
108,17,0.001
108,18,0
108,19,0
108,20,0
108,21,0
108,22,0
108,23,0
109,0,0
109,1,0
109,2,0
109,3,0
109,4,0.026
109,5,0.192
109,6,0.391
109,7,0.552
109,8,0.67
109,9,0.742
109,10,0.769
109,11,0.753
109,12,0.693
109,13,0.587
109,14,0.436
109,15,0.249
109,16,0.067
109,17,0.002
109,18,0
109,19,0
109,20,0
109,21,0
109,22,0
109,23,0
110,0,0
110,1,0
110,2,0
110,3,0
110,4,0.029
110,5,0.196
110,6,0.392
110,7,0.552
110,8,0.667
110,9,0.738
110,10,0.761
110,11,0.729
110,12,0.615
110,13,0.416
110,14,0.242
110,15,0.127
110,16,0.035
110,17,0
110,18,0
110,19,0
110,20,0
110,21,0
110,22,0
110,23,0
111,0,0
111,1,0
111,2,0
111,3,0
111,4,0.033
111,5,0.176
111,6,0.342
111,7,0.49
111,8,0.624
111,9,0.733
111,10,0.765
111,11,0.745
111,12,0.669
111,13,0.554
111,14,0.395
111,15,0.21
111,16,0.065
111,17,0.003
111,18,0
111,19,0
111,20,0
111,21,0
111,22,0
111,23,0
112,0,0
112,1,0
112,2,0
112,3,0
112,4,0.035
112,5,0.148
112,6,0.314
112,7,0.436
112,8,0.52
112,9,0.527
112,10,0.494
112,11,0.445
112,12,0.466
112,13,0.445
112,14,0.359
112,15,0.217
112,16,0.068
112,17,0.004
112,18,0
112,19,0
112,20,0
112,21,0
112,22,0
112,23,0
113,0,0
113,1,0
113,2,0
113,3,0
113,4,0.036
113,5,0.144
113,6,0.286
113,7,0.471
113,8,0.603
113,9,0.697
113,10,0.722
113,11,0.703
113,12,0.643
113,13,0.522
113,14,0.35
113,15,0.175
113,16,0.051
113,17,0.002
113,18,0
113,19,0
113,20,0
113,21,0
113,22,0
113,23,0
114,0,0
114,1,0
114,2,0
114,3,0
114,4,0.035
114,5,0.154
114,6,0.316
114,7,0.468
114,8,0.58
114,9,0.643
114,10,0.608
114,11,0.54
114,12,0.492
114,13,0.44
114,14,0.322
114,15,0.188
114,16,0.068
114,17,0.004
114,18,0
114,19,0
114,20,0
114,21,0
114,22,0
114,23,0
115,0,0
115,1,0
115,2,0
115,3,0
115,4,0.039
115,5,0.174
115,6,0.32
115,7,0.475
115,8,0.597
115,9,0.659
115,10,0.674
115,11,0.663
115,12,0.621
115,13,0.531
115,14,0.389
115,15,0.213
115,16,0.071
115,17,0.005
115,18,0
115,19,0
115,20,0
115,21,0
115,22,0
115,23,0
116,0,0
116,1,0
116,2,0
116,3,0
116,4,0.039
116,5,0.19
116,6,0.357
116,7,0.5
116,8,0.611
116,9,0.686
116,10,0.712
116,11,0.695
116,12,0.636
116,13,0.535
116,14,0.394
116,15,0.224
116,16,0.069
116,17,0.005
116,18,0
116,19,0
116,20,0
116,21,0
116,22,0
116,23,0
117,0,0
117,1,0
117,2,0
117,3,0
117,4,0.024
117,5,0.068
117,6,0.121
117,7,0.165
117,8,0.254
117,9,0.276
117,10,0.236
117,11,0.188
117,12,0.212
117,13,0.171
117,14,0.104
117,15,0.054
117,16,0.017
117,17,0
117,18,0
117,19,0
117,20,0
117,21,0
117,22,0
117,23,0
118,0,0
118,1,0
118,2,0
118,3,0
118,4,0.02
118,5,0.085
118,6,0.142
118,7,0.165
118,8,0.173
118,9,0.166
118,10,0.135
118,11,0.126
118,12,0.103
118,13,0.068
118,14,0.042
118,15,0.022
118,16,0.006
118,17,0
118,18,0
118,19,0
118,20,0
118,21,0
118,22,0
118,23,0
119,0,0
119,1,0
119,2,0
119,3,0
119,4,0.011
119,5,0.053
119,6,0.13
119,7,0.195
119,8,0.272
119,9,0.23
119,10,0.154
119,11,0.13
119,12,0.108
119,13,0.084
119,14,0.055
119,15,0.032
119,16,0.013
119,17,0
119,18,0
119,19,0
119,20,0
119,21,0
119,22,0
119,23,0
120,0,0
120,1,0
120,2,0
120,3,0
120,4,0.029
120,5,0.113
120,6,0.234
120,7,0.353
120,8,0.552
120,9,0.605
120,10,0.444
120,11,0.303
120,12,0.189
120,13,0.139
120,14,0.096
120,15,0.057
120,16,0.032
120,17,0.004
120,18,0
120,19,0
120,20,0
120,21,0
120,22,0
120,23,0
121,0,0
121,1,0
121,2,0
121,3,0.001
121,4,0.047
121,5,0.182
121,6,0.376
121,7,0.519
121,8,0.663
121,9,0.725
121,10,0.737
121,11,0.723
121,12,0.675
121,13,0.582
121,14,0.437
121,15,0.245
121,16,0.074
121,17,0.006
121,18,0
121,19,0
121,20,0
121,21,0
121,22,0
121,23,0
122,0,0
122,1,0
122,2,0
122,3,0.001
122,4,0.047
122,5,0.19
122,6,0.378
122,7,0.53
122,8,0.646
122,9,0.706
122,10,0.726
122,11,0.715
122,12,0.653
122,13,0.548
122,14,0.41
122,15,0.241
122,16,0.082
122,17,0.012
122,18,0
122,19,0
122,20,0
122,21,0
122,22,0
122,23,0
123,0,0
123,1,0
123,2,0
123,3,0.002
123,4,0.045
123,5,0.091
123,6,0.136
123,7,0.179
123,8,0.207
123,9,0.209
123,10,0.216
123,11,0.182
123,12,0.184
123,13,0.192
123,14,0.184
123,15,0.126
123,16,0.06
123,17,0.009
123,18,0
123,19,0
123,20,0
123,21,0
123,22,0
123,23,0
124,0,0
124,1,0
124,2,0
124,3,0.003
124,4,0.058
124,5,0.16
124,6,0.287
124,7,0.382
124,8,0.514
124,9,0.63
124,10,0.637
124,11,0.436
124,12,0.302
124,13,0.225
124,14,0.172
124,15,0.134
124,16,0.072
124,17,0.01
124,18,0
124,19,0
124,20,0
124,21,0
124,22,0
124,23,0
125,0,0
125,1,0
125,2,0
125,3,0
125,4,0.005
125,5,0.021
125,6,0.05
125,7,0.085
125,8,0.121
125,9,0.148
125,10,0.167
125,11,0.174
125,12,0.178
125,13,0.152
125,14,0.121
125,15,0.076
125,16,0.032
125,17,0.004
125,18,0
125,19,0
125,20,0
125,21,0
125,22,0
125,23,0
126,0,0
126,1,0
126,2,0
126,3,0.002
126,4,0.046
126,5,0.128
126,6,0.221
126,7,0.289
126,8,0.346
126,9,0.367
126,10,0.365
126,11,0.309
126,12,0.223
126,13,0.154
126,14,0.108
126,15,0.072
126,16,0.042
126,17,0.007
126,18,0
126,19,0
126,20,0
126,21,0
126,22,0
126,23,0
127,0,0
127,1,0
127,2,0
127,3,0.005
127,4,0.06
127,5,0.224
127,6,0.411
127,7,0.501
127,8,0.594
127,9,0.615
127,10,0.632
127,11,0.612
127,12,0.552
127,13,0.461
127,14,0.344
127,15,0.207
127,16,0.081
127,17,0.016
127,18,0
127,19,0
127,20,0
127,21,0
127,22,0
127,23,0
128,0,0
128,1,0
128,2,0
128,3,0.005
128,4,0.06
128,5,0.197
128,6,0.371
128,7,0.529
128,8,0.63
128,9,0.712
128,10,0.745
128,11,0.736
128,12,0.682
128,13,0.576
128,14,0.423
128,15,0.244
128,16,0.091
128,17,0.019
128,18,0
128,19,0
128,20,0
128,21,0
128,22,0
128,23,0
129,0,0
129,1,0
129,2,0
129,3,0.003
129,4,0.06
129,5,0.134
129,6,0.173
129,7,0.198
129,8,0.193
129,9,0.194
129,10,0.211
129,11,0.28
129,12,0.314
129,13,0.241
129,14,0.158
129,15,0.087
129,16,0.03
129,17,0.002
129,18,0
129,19,0
129,20,0
129,21,0
129,22,0
129,23,0
130,0,0
130,1,0
130,2,0
130,3,0.002
130,4,0.045
130,5,0.151
130,6,0.331
130,7,0.527
130,8,0.612
130,9,0.611
130,10,0.588
130,11,0.53
130,12,0.39
130,13,0.34
130,14,0.256
130,15,0.135
130,16,0.067
130,17,0.015
130,18,0
130,19,0
130,20,0
130,21,0
130,22,0
130,23,0
131,0,0
131,1,0
131,2,0
131,3,0.005
131,4,0.061
131,5,0.196
131,6,0.387
131,7,0.511
131,8,0.589
131,9,0.658
131,10,0.691
131,11,0.677
131,12,0.624
131,13,0.532
131,14,0.363
131,15,0.169
131,16,0.064
131,17,0.012
131,18,0
131,19,0
131,20,0
131,21,0
131,22,0
131,23,0
132,0,0
132,1,0
132,2,0
132,3,0.006
132,4,0.053
132,5,0.125
132,6,0.194
132,7,0.256
132,8,0.327
132,9,0.415
132,10,0.345
132,11,0.279
132,12,0.228
132,13,0.203
132,14,0.155
132,15,0.094
132,16,0.037
132,17,0.004
132,18,0
132,19,0
132,20,0
132,21,0
132,22,0
132,23,0
133,0,0
133,1,0
133,2,0
133,3,0
133,4,0.006
133,5,0.022
133,6,0.045
133,7,0.063
133,8,0.08
133,9,0.098
133,10,0.123
133,11,0.151
133,12,0.172
133,13,0.174
133,14,0.112
133,15,0.068
133,16,0.032
133,17,0.005
133,18,0
133,19,0
133,20,0
133,21,0
133,22,0
133,23,0
134,0,0
134,1,0
134,2,0
134,3,0
134,4,0.015
134,5,0.039
134,6,0.078
134,7,0.123
134,8,0.271
134,9,0.504
134,10,0.473
134,11,0.288
134,12,0.159
134,13,0.123
134,14,0.086
134,15,0.042
134,16,0.017
134,17,0.002
134,18,0
134,19,0
134,20,0
134,21,0
134,22,0
134,23,0
135,0,0
135,1,0
135,2,0
135,3,0
135,4,0.011
135,5,0.032
135,6,0.065
135,7,0.107
135,8,0.15
135,9,0.171
135,10,0.209
135,11,0.229
135,12,0.218
135,13,0.172
135,14,0.128
135,15,0.078
135,16,0.04
135,17,0.009
135,18,0
135,19,0
135,20,0
135,21,0
135,22,0
135,23,0
136,0,0
136,1,0
136,2,0
136,3,0.002
136,4,0.031
136,5,0.101
136,6,0.223
136,7,0.349
136,8,0.494
136,9,0.592
136,10,0.664
136,11,0.673
136,12,0.647
136,13,0.559
136,14,0.391
136,15,0.187
136,16,0.082
136,17,0.024
136,18,0
136,19,0
136,20,0
136,21,0
136,22,0
136,23,0
137,0,0
137,1,0
137,2,0
137,3,0.003
137,4,0.038
137,5,0.107
137,6,0.177
137,7,0.265
137,8,0.335
137,9,0.445
137,10,0.509
137,11,0.544
137,12,0.487
137,13,0.429
137,14,0.345
137,15,0.217
137,16,0.102
137,17,0.03
137,18,0
137,19,0
137,20,0
137,21,0
137,22,0
137,23,0
138,0,0
138,1,0
138,2,0
138,3,0.007
138,4,0.055
138,5,0.143
138,6,0.243
138,7,0.362
138,8,0.516
138,9,0.637
138,10,0.672
138,11,0.596
138,12,0.511
138,13,0.427
138,14,0.299
138,15,0.158
138,16,0.085
138,17,0.024
138,18,0
138,19,0
138,20,0
138,21,0
138,22,0
138,23,0
139,0,0
139,1,0
139,2,0
139,3,0.014
139,4,0.071
139,5,0.22
139,6,0.381
139,7,0.523
139,8,0.623
139,9,0.671
139,10,0.68
139,11,0.635
139,12,0.59
139,13,0.494
139,14,0.377
139,15,0.213
139,16,0.102
139,17,0.029
139,18,0
139,19,0
139,20,0
139,21,0
139,22,0
139,23,0
140,0,0
140,1,0
140,2,0
140,3,0.008
140,4,0.033
140,5,0.065
140,6,0.184
140,7,0.465
140,8,0.62
140,9,0.575
140,10,0.567
140,11,0.602
140,12,0.52
140,13,0.279
140,14,0.199
140,15,0.159
140,16,0.098
140,17,0.033
140,18,0
140,19,0
140,20,0
140,21,0
140,22,0
140,23,0
141,0,0
141,1,0
141,2,0
141,3,0.006
141,4,0.042
141,5,0.101
141,6,0.162
141,7,0.207
141,8,0.242
141,9,0.266
141,10,0.291
141,11,0.283
141,12,0.255
141,13,0.218
141,14,0.179
141,15,0.125
141,16,0.059
141,17,0.012
141,18,0
141,19,0
141,20,0
141,21,0
141,22,0
141,23,0
142,0,0
142,1,0
142,2,0
142,3,0.01
142,4,0.06
142,5,0.158
142,6,0.293
142,7,0.382
142,8,0.498
142,9,0.493
142,10,0.36
142,11,0.255
142,12,0.266
142,13,0.238
142,14,0.184
142,15,0.122
142,16,0.077
142,17,0.02
142,18,0
142,19,0
142,20,0
142,21,0
142,22,0
142,23,0
143,0,0
143,1,0
143,2,0
143,3,0.005
143,4,0.036
143,5,0.092
143,6,0.189
143,7,0.279
143,8,0.285
143,9,0.221
143,10,0.148
143,11,0.128
143,12,0.108
143,13,0.092
143,14,0.067
143,15,0.047
143,16,0.025
143,17,0.006
143,18,0
143,19,0
143,20,0
143,21,0
143,22,0
143,23,0
144,0,0
144,1,0
144,2,0
144,3,0.001
144,4,0.018
144,5,0.049
144,6,0.093
144,7,0.14
144,8,0.188
144,9,0.229
144,10,0.272
144,11,0.288
144,12,0.293
144,13,0.278
144,14,0.233
144,15,0.177
144,16,0.099
144,17,0.035
144,18,0
144,19,0
144,20,0
144,21,0
144,22,0
144,23,0
145,0,0
145,1,0
145,2,0
145,3,0.019
145,4,0.077
145,5,0.234
145,6,0.405
145,7,0.549
145,8,0.651
145,9,0.701
145,10,0.707
145,11,0.688
145,12,0.624
145,13,0.522
145,14,0.359
145,15,0.205
145,16,0.102
145,17,0.033
145,18,0
145,19,0
145,20,0
145,21,0
145,22,0
145,23,0
146,0,0
146,1,0
146,2,0
146,3,0.017
146,4,0.079
146,5,0.2
146,6,0.349
146,7,0.494
146,8,0.593
146,9,0.643
146,10,0.627
146,11,0.594
146,12,0.464
146,13,0.366
146,14,0.322
146,15,0.21
146,16,0.111
146,17,0.036
146,18,0
146,19,0
146,20,0
146,21,0
146,22,0
146,23,0
147,0,0
147,1,0
147,2,0
147,3,0.021
147,4,0.08
147,5,0.225
147,6,0.376
147,7,0.513
147,8,0.609
147,9,0.615
147,10,0.642
147,11,0.624
147,12,0.545
147,13,0.415
147,14,0.229
147,15,0.107
147,16,0.048
147,17,0.013
147,18,0
147,19,0
147,20,0
147,21,0
147,22,0
147,23,0
148,0,0
148,1,0
148,2,0
148,3,0.021
148,4,0.085
148,5,0.219
148,6,0.36
148,7,0.447
148,8,0.454
148,9,0.483
148,10,0.39
148,11,0.246
148,12,0.146
148,13,0.13
148,14,0.233
148,15,0.22
148,16,0.113
148,17,0.036
148,18,0
148,19,0
148,20,0
148,21,0
148,22,0
148,23,0
149,0,0
149,1,0
149,2,0
149,3,0.015
149,4,0.06
149,5,0.106
149,6,0.149
149,7,0.18
149,8,0.175
149,9,0.13
149,10,0.136
149,11,0.141
149,12,0.15
149,13,0.146
149,14,0.127
149,15,0.118
149,16,0.071
149,17,0.023
149,18,0
149,19,0
149,20,0
149,21,0
149,22,0
149,23,0
150,0,0
150,1,0
150,2,0
150,3,0.019
150,4,0.08
150,5,0.16
150,6,0.248
150,7,0.329
150,8,0.4
150,9,0.456
150,10,0.468
150,11,0.414
150,12,0.336
150,13,0.261
150,14,0.188
150,15,0.122
150,16,0.057
150,17,0.016
150,18,0
150,19,0
150,20,0
150,21,0
150,22,0
150,23,0
151,0,0
151,1,0
151,2,0
151,3,0.014
151,4,0.077
151,5,0.214
151,6,0.377
151,7,0.52
151,8,0.623
151,9,0.689
151,10,0.71
151,11,0.689
151,12,0.625
151,13,0.554
151,14,0.426
151,15,0.275
151,16,0.115
151,17,0.037
151,18,0.001
151,19,0
151,20,0
151,21,0
151,22,0
151,23,0
152,0,0
152,1,0
152,2,0
152,3,0.024
152,4,0.085
152,5,0.217
152,6,0.376
152,7,0.506
152,8,0.593
152,9,0.591
152,10,0.572
152,11,0.474
152,12,0.421
152,13,0.358
152,14,0.283
152,15,0.218
152,16,0.107
152,17,0.037
152,18,0
152,19,0
152,20,0
152,21,0
152,22,0
152,23,0
153,0,0
153,1,0
153,2,0
153,3,0.023
153,4,0.08
153,5,0.221
153,6,0.378
153,7,0.511
153,8,0.604
153,9,0.663
153,10,0.686
153,11,0.67
153,12,0.617
153,13,0.53
153,14,0.405
153,15,0.26
153,16,0.114
153,17,0.037
153,18,0.001
153,19,0
153,20,0
153,21,0
153,22,0
153,23,0
154,0,0
154,1,0
154,2,0
154,3,0.023
154,4,0.077
154,5,0.225
154,6,0.386
154,7,0.523
154,8,0.626
154,9,0.696
154,10,0.716
154,11,0.698
154,12,0.644
154,13,0.551
154,14,0.423
154,15,0.27
154,16,0.114
154,17,0.034
154,18,0.002
154,19,0
154,20,0
154,21,0
154,22,0
154,23,0
155,0,0
155,1,0
155,2,0
155,3,0.024
155,4,0.077
155,5,0.23
155,6,0.391
155,7,0.527
155,8,0.61
155,9,0.641
155,10,0.647
155,11,0.613
155,12,0.555
155,13,0.47
155,14,0.36
155,15,0.237
155,16,0.113
155,17,0.039
155,18,0.001
155,19,0
155,20,0
155,21,0
155,22,0
155,23,0
156,0,0
156,1,0
156,2,0
156,3,0.025
156,4,0.081
156,5,0.227
156,6,0.381
156,7,0.507
156,8,0.57
156,9,0.547
156,10,0.482
156,11,0.453
156,12,0.451
156,13,0.434
156,14,0.366
156,15,0.24
156,16,0.116
156,17,0.04
156,18,0.002
156,19,0
156,20,0
156,21,0
156,22,0
156,23,0
157,0,0
157,1,0
157,2,0
157,3,0.026
157,4,0.082
157,5,0.221
157,6,0.387
157,7,0.527
157,8,0.628
157,9,0.684
157,10,0.692
157,11,0.653
157,12,0.58
157,13,0.488
157,14,0.372
157,15,0.227
157,16,0.11
157,17,0.034
157,18,0.001
157,19,0
157,20,0
157,21,0
157,22,0
157,23,0
158,0,0
158,1,0
158,2,0
158,3,0.023
158,4,0.084
158,5,0.208
158,6,0.36
158,7,0.471
158,8,0.538
158,9,0.585
158,10,0.616
158,11,0.63
158,12,0.602
158,13,0.521
158,14,0.407
158,15,0.257
158,16,0.117
158,17,0.04
158,18,0.002
158,19,0
158,20,0
158,21,0
158,22,0
158,23,0
159,0,0
159,1,0
159,2,0
159,3,0.025
159,4,0.081
159,5,0.218
159,6,0.378
159,7,0.518
159,8,0.615
159,9,0.666
159,10,0.687
159,11,0.67
159,12,0.617
159,13,0.526
159,14,0.39
159,15,0.244
159,16,0.117
159,17,0.041
159,18,0.002
159,19,0
159,20,0
159,21,0
159,22,0
159,23,0
160,0,0
160,1,0
160,2,0
160,3,0.025
160,4,0.078
160,5,0.232
160,6,0.396
160,7,0.537
160,8,0.639
160,9,0.705
160,10,0.726
160,11,0.709
160,12,0.651
160,13,0.558
160,14,0.425
160,15,0.262
160,16,0.117
160,17,0.038
160,18,0.002
160,19,0
160,20,0
160,21,0
160,22,0
160,23,0
161,0,0
161,1,0
161,2,0
161,3,0.026
161,4,0.08
161,5,0.22
161,6,0.372
161,7,0.504
161,8,0.586
161,9,0.626
161,10,0.652
161,11,0.637
161,12,0.571
161,13,0.476
161,14,0.365
161,15,0.24
161,16,0.116
161,17,0.04
161,18,0.002
161,19,0
161,20,0
161,21,0
161,22,0
161,23,0
162,0,0
162,1,0
162,2,0
162,3,0.025
162,4,0.076
162,5,0.225
162,6,0.383
162,7,0.515
162,8,0.613
162,9,0.67
162,10,0.689
162,11,0.672
162,12,0.621
162,13,0.538
162,14,0.401
162,15,0.259
162,16,0.116
162,17,0.037
162,18,0.003
162,19,0
162,20,0
162,21,0
162,22,0
162,23,0
163,0,0
163,1,0
163,2,0
163,3,0.026
163,4,0.078
163,5,0.224
163,6,0.378
163,7,0.507
163,8,0.606
163,9,0.663
163,10,0.674
163,11,0.647
163,12,0.588
163,13,0.495
163,14,0.374
163,15,0.24
163,16,0.115
163,17,0.041
163,18,0.002
163,19,0
163,20,0
163,21,0
163,22,0
163,23,0
164,0,0
164,1,0
164,2,0
164,3,0.026
164,4,0.078
164,5,0.219
164,6,0.371
164,7,0.504
164,8,0.603
164,9,0.664
164,10,0.688
164,11,0.667
164,12,0.602
164,13,0.5
164,14,0.376
164,15,0.242
164,16,0.116
164,17,0.039
164,18,0.003
164,19,0
164,20,0
164,21,0
164,22,0
164,23,0
165,0,0
165,1,0
165,2,0
165,3,0.028
165,4,0.084
165,5,0.202
165,6,0.317
165,7,0.429
165,8,0.536
165,9,0.616
165,10,0.634
165,11,0.607
165,12,0.541
165,13,0.462
165,14,0.367
165,15,0.244
165,16,0.118
165,17,0.042
165,18,0.003
165,19,0
165,20,0
165,21,0
165,22,0
165,23,0
166,0,0
166,1,0
166,2,0
166,3,0.027
166,4,0.078
166,5,0.222
166,6,0.376
166,7,0.501
166,8,0.597
166,9,0.655
166,10,0.677
166,11,0.661
166,12,0.602
166,13,0.496
166,14,0.365
166,15,0.239
166,16,0.114
166,17,0.039
166,18,0.002
166,19,0
166,20,0
166,21,0
166,22,0
166,23,0
167,0,0
167,1,0
167,2,0
167,3,0.029
167,4,0.086
167,5,0.215
167,6,0.329
167,7,0.465
167,8,0.552
167,9,0.607
167,10,0.595
167,11,0.577
167,12,0.538
167,13,0.445
167,14,0.271
167,15,0.159
167,16,0.062
167,17,0.014
167,18,0
167,19,0
167,20,0
167,21,0
167,22,0
167,23,0
168,0,0
168,1,0
168,2,0
168,3,0.021
168,4,0.088
168,5,0.19
168,6,0.254
168,7,0.315
168,8,0.387
168,9,0.407
168,10,0.492
168,11,0.524
168,12,0.512
168,13,0.469
168,14,0.381
168,15,0.263
168,16,0.129
168,17,0.046
168,18,0.003
168,19,0
168,20,0
168,21,0
168,22,0
168,23,0
169,0,0
169,1,0
169,2,0
169,3,0.029
169,4,0.09
169,5,0.202
169,6,0.323
169,7,0.422
169,8,0.499
169,9,0.508
169,10,0.5
169,11,0.454
169,12,0.385
169,13,0.319
169,14,0.222
169,15,0.133
169,16,0.085
169,17,0.032
169,18,0.001
169,19,0
169,20,0
169,21,0
169,22,0
169,23,0
170,0,0
170,1,0
170,2,0
170,3,0.022
170,4,0.086
170,5,0.176
170,6,0.27
170,7,0.336
170,8,0.39
170,9,0.428
170,10,0.412
170,11,0.44
170,12,0.438
170,13,0.379
170,14,0.307
170,15,0.196
170,16,0.073
170,17,0.021
170,18,0
170,19,0
170,20,0
170,21,0
170,22,0
170,23,0
171,0,0
171,1,0
171,2,0
171,3,0.011
171,4,0.042
171,5,0.086
171,6,0.146
171,7,0.18
171,8,0.236
171,9,0.268
171,10,0.257
171,11,0.245
171,12,0.225
171,13,0.189
171,14,0.133
171,15,0.088
171,16,0.04
171,17,0.015
171,18,0
171,19,0
171,20,0
171,21,0
171,22,0
171,23,0
172,0,0
172,1,0
172,2,0
172,3,0.018
172,4,0.07
172,5,0.162
172,6,0.271
172,7,0.41
172,8,0.494
172,9,0.543
172,10,0.516
172,11,0.475
172,12,0.395
172,13,0.32
172,14,0.275
172,15,0.207
172,16,0.117
172,17,0.044
172,18,0.003
172,19,0
172,20,0
172,21,0
172,22,0
172,23,0
173,0,0
173,1,0
173,2,0
173,3,0.029
173,4,0.089
173,5,0.205
173,6,0.341
173,7,0.492
173,8,0.582
173,9,0.587
173,10,0.502
173,11,0.411
173,12,0.355
173,13,0.294
173,14,0.253
173,15,0.186
173,16,0.113
173,17,0.044
173,18,0.003
173,19,0
173,20,0
173,21,0
173,22,0
173,23,0
174,0,0
174,1,0
174,2,0
174,3,0.029
174,4,0.089
174,5,0.201
174,6,0.301
174,7,0.384
174,8,0.456
174,9,0.535
174,10,0.594
174,11,0.581
174,12,0.483
174,13,0.336
174,14,0.264
174,15,0.188
174,16,0.109
174,17,0.042
174,18,0.003
174,19,0
174,20,0
174,21,0
174,22,0
174,23,0
175,0,0
175,1,0
175,2,0
175,3,0.027
175,4,0.078
175,5,0.218
175,6,0.379
175,7,0.518
175,8,0.619
175,9,0.678
175,10,0.707
175,11,0.694
175,12,0.64
175,13,0.549
175,14,0.42
175,15,0.27
175,16,0.123
175,17,0.038
175,18,0.004
175,19,0
175,20,0
175,21,0
175,22,0
175,23,0
176,0,0
176,1,0
176,2,0
176,3,0.026
176,4,0.074
176,5,0.223
176,6,0.381
176,7,0.515
176,8,0.613
176,9,0.673
176,10,0.695
176,11,0.68
176,12,0.626
176,13,0.538
176,14,0.417
176,15,0.271
176,16,0.121
176,17,0.036
176,18,0.003
176,19,0
176,20,0
176,21,0
176,22,0
176,23,0
177,0,0
177,1,0
177,2,0
177,3,0.026
177,4,0.072
177,5,0.218
177,6,0.373
177,7,0.504
177,8,0.599
177,9,0.653
177,10,0.675
177,11,0.659
177,12,0.612
177,13,0.526
177,14,0.408
177,15,0.264
177,16,0.119
177,17,0.037
177,18,0.003
177,19,0
177,20,0
177,21,0
177,22,0
177,23,0
178,0,0
178,1,0
178,2,0
178,3,0.026
178,4,0.078
178,5,0.2
178,6,0.341
178,7,0.471
178,8,0.591
178,9,0.669
178,10,0.705
178,11,0.698
178,12,0.652
178,13,0.566
178,14,0.441
178,15,0.286
178,16,0.125
178,17,0.034
178,18,0.004
178,19,0
178,20,0
178,21,0
178,22,0
178,23,0
179,0,0
179,1,0
179,2,0
179,3,0.031
179,4,0.089
179,5,0.193
179,6,0.314
179,7,0.423
179,8,0.432
179,9,0.319
179,10,0.311
179,11,0.374
179,12,0.355
179,13,0.358
179,14,0.321
179,15,0.24
179,16,0.11
179,17,0.039
179,18,0.002
179,19,0
179,20,0
179,21,0
179,22,0
179,23,0
180,0,0
180,1,0
180,2,0
180,3,0.025
180,4,0.069
180,5,0.233
180,6,0.401
180,7,0.54
180,8,0.64
180,9,0.698
180,10,0.718
180,11,0.7
180,12,0.643
180,13,0.553
180,14,0.427
180,15,0.273
180,16,0.123
180,17,0.036
180,18,0.003
180,19,0
180,20,0
180,21,0
180,22,0
180,23,0
181,0,0
181,1,0
181,2,0
181,3,0.025
181,4,0.07
181,5,0.221
181,6,0.379
181,7,0.513
181,8,0.612
181,9,0.674
181,10,0.694
181,11,0.678
181,12,0.629
181,13,0.542
181,14,0.42
181,15,0.272
181,16,0.121
181,17,0.034
181,18,0.003
181,19,0
181,20,0
181,21,0
181,22,0
181,23,0
182,0,0
182,1,0
182,2,0
182,3,0.027
182,4,0.077
182,5,0.213
182,6,0.362
182,7,0.5
182,8,0.592
182,9,0.646
182,10,0.656
182,11,0.627
182,12,0.561
182,13,0.419
182,14,0.252
182,15,0.158
182,16,0.086
182,17,0.031
182,18,0.001
182,19,0
182,20,0
182,21,0
182,22,0
182,23,0
183,0,0
183,1,0
183,2,0
183,3,0.014
183,4,0.058
183,5,0.138
183,6,0.232
183,7,0.338
183,8,0.51
183,9,0.635
183,10,0.566
183,11,0.593
183,12,0.596
183,13,0.541
183,14,0.427
183,15,0.281
183,16,0.127
183,17,0.039
183,18,0.003
183,19,0
183,20,0
183,21,0
183,22,0
183,23,0
184,0,0
184,1,0
184,2,0
184,3,0.025
184,4,0.069
184,5,0.23
184,6,0.402
184,7,0.547
184,8,0.653
184,9,0.718
184,10,0.743
184,11,0.73
184,12,0.677
184,13,0.586
184,14,0.456
184,15,0.296
184,16,0.127
184,17,0.03
184,18,0.003
184,19,0
184,20,0
184,21,0
184,22,0
184,23,0
185,0,0
185,1,0
185,2,0
185,3,0.023
185,4,0.065
185,5,0.232
185,6,0.391
185,7,0.534
185,8,0.634
185,9,0.709
185,10,0.735
185,11,0.722
185,12,0.669
185,13,0.577
185,14,0.449
185,15,0.291
185,16,0.126
185,17,0.032
185,18,0.003
185,19,0
185,20,0
185,21,0
185,22,0
185,23,0
186,0,0
186,1,0
186,2,0
186,3,0.019
186,4,0.049
186,5,0.1
186,6,0.182
186,7,0.162
186,8,0.206
186,9,0.379
186,10,0.508
186,11,0.54
186,12,0.489
186,13,0.399
186,14,0.312
186,15,0.216
186,16,0.116
186,17,0.045
186,18,0.002
186,19,0
186,20,0
186,21,0
186,22,0
186,23,0
187,0,0
187,1,0
187,2,0
187,3,0.024
187,4,0.081
187,5,0.182
187,6,0.35
187,7,0.504
187,8,0.552
187,9,0.577
187,10,0.552
187,11,0.562
187,12,0.584
187,13,0.448
187,14,0.33
187,15,0.226
187,16,0.108
187,17,0.034
187,18,0.001
187,19,0
187,20,0
187,21,0
187,22,0
187,23,0
188,0,0
188,1,0
188,2,0
188,3,0.026
188,4,0.074
188,5,0.219
188,6,0.376
188,7,0.508
188,8,0.582
188,9,0.608
188,10,0.564
188,11,0.496
188,12,0.436
188,13,0.362
188,14,0.299
188,15,0.188
188,16,0.101
188,17,0.041
188,18,0.002
188,19,0
188,20,0
188,21,0
188,22,0
188,23,0
189,0,0
189,1,0
189,2,0
189,3,0.024
189,4,0.068
189,5,0.23
189,6,0.396
189,7,0.53
189,8,0.606
189,9,0.692
189,10,0.72
189,11,0.718
189,12,0.665
189,13,0.551
189,14,0.427
189,15,0.268
189,16,0.124
189,17,0.039
189,18,0.002
189,19,0
189,20,0
189,21,0
189,22,0
189,23,0
190,0,0
190,1,0
190,2,0
190,3,0.028
190,4,0.085
190,5,0.182
190,6,0.248
190,7,0.308
190,8,0.421
190,9,0.493
190,10,0.492
190,11,0.478
190,12,0.465
190,13,0.401
190,14,0.304
190,15,0.206
190,16,0.111
190,17,0.042
190,18,0.002
190,19,0
190,20,0
190,21,0
190,22,0
190,23,0
191,0,0
191,1,0
191,2,0
191,3,0.02
191,4,0.085
191,5,0.199
191,6,0.372
191,7,0.504
191,8,0.585
191,9,0.594
191,10,0.549
191,11,0.43
191,12,0.333
191,13,0.223
191,14,0.169
191,15,0.125
191,16,0.067
191,17,0.032
191,18,0.001
191,19,0
191,20,0
191,21,0
191,22,0
191,23,0
192,0,0
192,1,0
192,2,0
192,3,0.02
192,4,0.076
192,5,0.155
192,6,0.231
192,7,0.308
192,8,0.395
192,9,0.37
192,10,0.303
192,11,0.364
192,12,0.437
192,13,0.43
192,14,0.416
192,15,0.28
192,16,0.128
192,17,0.042
192,18,0.002
192,19,0
192,20,0
192,21,0
192,22,0
192,23,0
193,0,0
193,1,0
193,2,0
193,3,0.024
193,4,0.067
193,5,0.224
193,6,0.388
193,7,0.53
193,8,0.619
193,9,0.659
193,10,0.647
193,11,0.59
193,12,0.519
193,13,0.448
193,14,0.345
193,15,0.207
193,16,0.095
193,17,0.028
193,18,0
193,19,0
193,20,0
193,21,0
193,22,0
193,23,0
194,0,0
194,1,0
194,2,0
194,3,0.015
194,4,0.07
194,5,0.155
194,6,0.245
194,7,0.353
194,8,0.328
194,9,0.29
194,10,0.34
194,11,0.309
194,12,0.259
194,13,0.2
194,14,0.148
194,15,0.105
194,16,0.062
194,17,0.019
194,18,0
194,19,0
194,20,0
194,21,0
194,22,0
194,23,0
195,0,0
195,1,0
195,2,0
195,3,0.014
195,4,0.077
195,5,0.191
195,6,0.312
195,7,0.369
195,8,0.361
195,9,0.24
195,10,0.23
195,11,0.232
195,12,0.225
195,13,0.245
195,14,0.225
195,15,0.197
195,16,0.102
195,17,0.037
195,18,0.001
195,19,0
195,20,0
195,21,0
195,22,0
195,23,0
196,0,0
196,1,0
196,2,0
196,3,0.021
196,4,0.064
196,5,0.224
196,6,0.394
196,7,0.535
196,8,0.638
196,9,0.704
196,10,0.733
196,11,0.723
196,12,0.67
196,13,0.577
196,14,0.441
196,15,0.278
196,16,0.121
196,17,0.031
196,18,0.001
196,19,0
196,20,0
196,21,0
196,22,0
196,23,0
197,0,0
197,1,0
197,2,0
197,3,0.022
197,4,0.068
197,5,0.22
197,6,0.382
197,7,0.473
197,8,0.521
197,9,0.554
197,10,0.584
197,11,0.588
197,12,0.541
197,13,0.427
197,14,0.32
197,15,0.19
197,16,0.107
197,17,0.035
197,18,0
197,19,0
197,20,0
197,21,0
197,22,0
197,23,0
198,0,0
198,1,0
198,2,0
198,3,0.018
198,4,0.072
198,5,0.21
198,6,0.383
198,7,0.517
198,8,0.557
198,9,0.595
198,10,0.669
198,11,0.683
198,12,0.635
198,13,0.548
198,14,0.388
198,15,0.267
198,16,0.117
198,17,0.035
198,18,0
198,19,0
198,20,0
198,21,0
198,22,0
198,23,0
199,0,0
199,1,0
199,2,0
199,3,0.019
199,4,0.069
199,5,0.209
199,6,0.359
199,7,0.479
199,8,0.597
199,9,0.64
199,10,0.694
199,11,0.677
199,12,0.592
199,13,0.503
199,14,0.384
199,15,0.242
199,16,0.112
199,17,0.034
199,18,0
199,19,0
199,20,0
199,21,0
199,22,0
199,23,0
200,0,0
200,1,0
200,2,0
200,3,0.021
200,4,0.07
200,5,0.211
200,6,0.366
200,7,0.501
200,8,0.596
200,9,0.646
200,10,0.617
200,11,0.448
200,12,0.334
200,13,0.342
200,14,0.221
200,15,0.099
200,16,0.035
200,17,0.008
200,18,0
200,19,0
200,20,0
200,21,0
200,22,0
200,23,0
201,0,0
201,1,0
201,2,0
201,3,0.013
201,4,0.064
201,5,0.148
201,6,0.265
201,7,0.401
201,8,0.55
201,9,0.622
201,10,0.619
201,11,0.585
201,12,0.501
201,13,0.397
201,14,0.288
201,15,0.208
201,16,0.1
201,17,0.028
201,18,0
201,19,0
201,20,0
201,21,0
201,22,0
201,23,0
202,0,0
202,1,0
202,2,0
202,3,0.016
202,4,0.062
202,5,0.117
202,6,0.191
202,7,0.356
202,8,0.497
202,9,0.556
202,10,0.58
202,11,0.468
202,12,0.283
202,13,0.169
202,14,0.072
202,15,0.049
202,16,0.029
202,17,0.007
202,18,0
202,19,0
202,20,0
202,21,0
202,22,0
202,23,0
203,0,0
203,1,0
203,2,0
203,3,0.015
203,4,0.073
203,5,0.206
203,6,0.333
203,7,0.379
203,8,0.513
203,9,0.649
203,10,0.565
203,11,0.385
203,12,0.293
203,13,0.219
203,14,0.142
203,15,0.09
203,16,0.055
203,17,0.023
203,18,0
203,19,0
203,20,0
203,21,0
203,22,0
203,23,0
204,0,0
204,1,0
204,2,0
204,3,0.004
204,4,0.038
204,5,0.083
204,6,0.148
204,7,0.246
204,8,0.354
204,9,0.5
204,10,0.503
204,11,0.529
204,12,0.391
204,13,0.243
204,14,0.19
204,15,0.137
204,16,0.08
204,17,0.026
204,18,0
204,19,0
204,20,0
204,21,0
204,22,0
204,23,0
205,0,0
205,1,0
205,2,0
205,3,0.015
205,4,0.069
205,5,0.172
205,6,0.271
205,7,0.425
205,8,0.504
205,9,0.562
205,10,0.585
205,11,0.56
205,12,0.476
205,13,0.44
205,14,0.307
205,15,0.173
205,16,0.091
205,17,0.027
205,18,0
205,19,0
205,20,0
205,21,0
205,22,0
205,23,0
206,0,0
206,1,0
206,2,0
206,3,0.014
206,4,0.056
206,5,0.203
206,6,0.369
206,7,0.513
206,8,0.617
206,9,0.683
206,10,0.706
206,11,0.692
206,12,0.637
206,13,0.546
206,14,0.419
206,15,0.265
206,16,0.11
206,17,0.027
206,18,0
206,19,0
206,20,0
206,21,0
206,22,0
206,23,0
207,0,0
207,1,0
207,2,0
207,3,0.012
207,4,0.061
207,5,0.172
207,6,0.259
207,7,0.427
207,8,0.522
207,9,0.601
207,10,0.622
207,11,0.603
207,12,0.55
207,13,0.446
207,14,0.352
207,15,0.231
207,16,0.092
207,17,0.022
207,18,0
207,19,0
207,20,0
207,21,0
207,22,0
207,23,0
208,0,0
208,1,0
208,2,0
208,3,0.014
208,4,0.067
208,5,0.203
208,6,0.353
208,7,0.473
208,8,0.537
208,9,0.505
208,10,0.405
208,11,0.255
208,12,0.225
208,13,0.142
208,14,0.074
208,15,0.038
208,16,0.019
208,17,0.005
208,18,0
208,19,0
208,20,0
208,21,0
208,22,0
208,23,0
209,0,0
209,1,0
209,2,0
209,3,0.011
209,4,0.063
209,5,0.168
209,6,0.283
209,7,0.381
209,8,0.542
209,9,0.642
209,10,0.665
209,11,0.648
209,12,0.59
209,13,0.482
209,14,0.351
209,15,0.208
209,16,0.083
209,17,0.019
209,18,0
209,19,0
209,20,0
209,21,0
209,22,0
209,23,0
210,0,0
210,1,0
210,2,0
210,3,0.006
210,4,0.057
210,5,0.175
210,6,0.33
210,7,0.466
210,8,0.532
210,9,0.56
210,10,0.588
210,11,0.552
210,12,0.492
210,13,0.415
210,14,0.312
210,15,0.202
210,16,0.095
210,17,0.024
210,18,0
210,19,0
210,20,0
210,21,0
210,22,0
210,23,0
211,0,0
211,1,0
211,2,0
211,3,0.006
211,4,0.06
211,5,0.183
211,6,0.321
211,7,0.436
211,8,0.548
211,9,0.609
211,10,0.607
211,11,0.536
211,12,0.403
211,13,0.272
211,14,0.203
211,15,0.14
211,16,0.075
211,17,0.018
211,18,0
211,19,0
211,20,0
211,21,0
211,22,0
211,23,0
212,0,0
212,1,0
212,2,0
212,3,0.008
212,4,0.065
212,5,0.178
212,6,0.295
212,7,0.35
212,8,0.313
212,9,0.297
212,10,0.297
212,11,0.264
212,12,0.26
212,13,0.234
212,14,0.169
212,15,0.113
212,16,0.067
212,17,0.017
212,18,0
212,19,0
212,20,0
212,21,0
212,22,0
212,23,0
213,0,0
213,1,0
213,2,0
213,3,0.005
213,4,0.056
213,5,0.177
213,6,0.337
213,7,0.461
213,8,0.56
213,9,0.614
213,10,0.621
213,11,0.558
213,12,0.52
213,13,0.439
213,14,0.316
213,15,0.221
213,16,0.088
213,17,0.019
213,18,0
213,19,0
213,20,0
213,21,0
213,22,0
213,23,0
214,0,0
214,1,0
214,2,0
214,3,0.008
214,4,0.057
214,5,0.194
214,6,0.353
214,7,0.469
214,8,0.578
214,9,0.642
214,10,0.648
214,11,0.611
214,12,0.468
214,13,0.271
214,14,0.14
214,15,0.091
214,16,0.046
214,17,0.009
214,18,0
214,19,0
214,20,0
214,21,0
214,22,0
214,23,0
215,0,0
215,1,0
215,2,0
215,3,0.007
215,4,0.058
215,5,0.154
215,6,0.283
215,7,0.445
215,8,0.441
215,9,0.449
215,10,0.477
215,11,0.342
215,12,0.324
215,13,0.212
215,14,0.136
215,15,0.099
215,16,0.046
215,17,0.009
215,18,0
215,19,0
215,20,0
215,21,0
215,22,0
215,23,0
216,0,0
216,1,0
216,2,0
216,3,0.007
216,4,0.056
216,5,0.192
216,6,0.361
216,7,0.504
216,8,0.571
216,9,0.552
216,10,0.517
216,11,0.478
216,12,0.434
216,13,0.314
216,14,0.228
216,15,0.164
216,16,0.076
216,17,0.016
216,18,0
216,19,0
216,20,0
216,21,0
216,22,0
216,23,0
217,0,0
217,1,0
217,2,0
217,3,0.004
217,4,0.055
217,5,0.163
217,6,0.295
217,7,0.446
217,8,0.585
217,9,0.646
217,10,0.667
217,11,0.645
217,12,0.588
217,13,0.476
217,14,0.257
217,15,0.087
217,16,0.025
217,17,0.003
217,18,0
217,19,0
217,20,0
217,21,0
217,22,0
217,23,0
218,0,0
218,1,0
218,2,0
218,3,0.002
218,4,0.048
218,5,0.159
218,6,0.322
218,7,0.469
218,8,0.577
218,9,0.63
218,10,0.635
218,11,0.599
218,12,0.552
218,13,0.465
218,14,0.323
218,15,0.187
218,16,0.077
218,17,0.015
218,18,0
218,19,0
218,20,0
218,21,0
218,22,0
218,23,0
219,0,0
219,1,0
219,2,0
219,3,0.004
219,4,0.054
219,5,0.162
219,6,0.231
219,7,0.235
219,8,0.328
219,9,0.386
219,10,0.442
219,11,0.375
219,12,0.269
219,13,0.228
219,14,0.214
219,15,0.127
219,16,0.053
219,17,0.01
219,18,0
219,19,0
219,20,0
219,21,0
219,22,0
219,23,0
220,0,0
220,1,0
220,2,0
220,3,0
220,4,0.046
220,5,0.072
220,6,0.28
220,7,0.496
220,8,0.609
220,9,0.673
220,10,0.699
220,11,0.685
220,12,0.618
220,13,0.47
220,14,0.267
220,15,0.217
220,16,0.076
220,17,0.011
220,18,0
220,19,0
220,20,0
220,21,0
220,22,0
220,23,0
221,0,0
221,1,0
221,2,0
221,3,0.002
221,4,0.047
221,5,0.188
221,6,0.356
221,7,0.501
221,8,0.606
221,9,0.668
221,10,0.693
221,11,0.662
221,12,0.606
221,13,0.455
221,14,0.315
221,15,0.192
221,16,0.085
221,17,0.013
221,18,0
221,19,0
221,20,0
221,21,0
221,22,0
221,23,0
222,0,0
222,1,0
222,2,0
222,3,0.004
222,4,0.033
222,5,0.075
222,6,0.152
222,7,0.262
222,8,0.191
222,9,0.534
222,10,0.604
222,11,0.518
222,12,0.419
222,13,0.335
222,14,0.241
222,15,0.14
222,16,0.072
222,17,0.007
222,18,0
222,19,0
222,20,0
222,21,0
222,22,0
222,23,0
223,0,0
223,1,0
223,2,0
223,3,0.002
223,4,0.041
223,5,0.193
223,6,0.37
223,7,0.518
223,8,0.625
223,9,0.691
223,10,0.714
223,11,0.696
223,12,0.637
223,13,0.504
223,14,0.322
223,15,0.205
223,16,0.087
223,17,0.012
223,18,0
223,19,0
223,20,0
223,21,0
223,22,0
223,23,0
224,0,0
224,1,0
224,2,0
224,3,0.002
224,4,0.045
224,5,0.144
224,6,0.271
224,7,0.452
224,8,0.573
224,9,0.627
224,10,0.647
224,11,0.587
224,12,0.479
224,13,0.39
224,14,0.21
224,15,0.108
224,16,0.037
224,17,0.003
224,18,0
224,19,0
224,20,0
224,21,0
224,22,0
224,23,0
225,0,0
225,1,0
225,2,0
225,3,0
225,4,0.021
225,5,0.065
225,6,0.14
225,7,0.207
225,8,0.263
225,9,0.289
225,10,0.347
225,11,0.349
225,12,0.344
225,13,0.303
225,14,0.254
225,15,0.15
225,16,0.064
225,17,0.01
225,18,0
225,19,0
225,20,0
225,21,0
225,22,0
225,23,0
226,0,0
226,1,0
226,2,0
226,3,0
226,4,0.005
226,5,0.027
226,6,0.063
226,7,0.155
226,8,0.293
226,9,0.196
226,10,0.244
226,11,0.287
226,12,0.257
226,13,0.242
226,14,0.176
226,15,0.125
226,16,0.058
226,17,0.009
226,18,0
226,19,0
226,20,0
226,21,0
226,22,0
226,23,0
227,0,0
227,1,0
227,2,0
227,3,0.001
227,4,0.037
227,5,0.183
227,6,0.357
227,7,0.499
227,8,0.594
227,9,0.678
227,10,0.705
227,11,0.686
227,12,0.625
227,13,0.537
227,14,0.401
227,15,0.236
227,16,0.082
227,17,0.008
227,18,0
227,19,0
227,20,0
227,21,0
227,22,0
227,23,0
228,0,0
228,1,0
228,2,0
228,3,0
228,4,0.03
228,5,0.103
228,6,0.198
228,7,0.299
228,8,0.405
228,9,0.527
228,10,0.574
228,11,0.534
228,12,0.444
228,13,0.332
228,14,0.205
228,15,0.12
228,16,0.052
228,17,0.004
228,18,0
228,19,0
228,20,0
228,21,0
228,22,0
228,23,0
229,0,0
229,1,0
229,2,0
229,3,0
229,4,0.041
229,5,0.171
229,6,0.333
229,7,0.479
229,8,0.578
229,9,0.599
229,10,0.521
229,11,0.41
229,12,0.283
229,13,0.179
229,14,0.111
229,15,0.094
229,16,0.056
229,17,0.006
229,18,0
229,19,0
229,20,0
229,21,0
229,22,0
229,23,0
230,0,0
230,1,0
230,2,0
230,3,0
230,4,0.032
230,5,0.108
230,6,0.189
230,7,0.283
230,8,0.34
230,9,0.333
230,10,0.291
230,11,0.329
230,12,0.55
230,13,0.515
230,14,0.351
230,15,0.216
230,16,0.078
230,17,0.006
230,18,0
230,19,0
230,20,0
230,21,0
230,22,0
230,23,0
231,0,0
231,1,0
231,2,0
231,3,0
231,4,0.03
231,5,0.179
231,6,0.353
231,7,0.496
231,8,0.599
231,9,0.663
231,10,0.676
231,11,0.609
231,12,0.544
231,13,0.459
231,14,0.374
231,15,0.218
231,16,0.07
231,17,0.004
231,18,0
231,19,0
231,20,0
231,21,0
231,22,0
231,23,0
232,0,0
232,1,0
232,2,0
232,3,0
232,4,0.037
232,5,0.156
232,6,0.277
232,7,0.352
232,8,0.354
232,9,0.373
232,10,0.385
232,11,0.345
232,12,0.267
232,13,0.188
232,14,0.147
232,15,0.097
232,16,0.039
232,17,0.002
232,18,0
232,19,0
232,20,0
232,21,0
232,22,0
232,23,0
233,0,0
233,1,0
233,2,0
233,3,0
233,4,0.037
233,5,0.108
233,6,0.115
233,7,0.141
233,8,0.245
233,9,0.357
233,10,0.45
233,11,0.509
233,12,0.427
233,13,0.346
233,14,0.186
233,15,0.093
233,16,0.032
233,17,0.001
233,18,0
233,19,0
233,20,0
233,21,0
233,22,0
233,23,0
234,0,0
234,1,0
234,2,0
234,3,0
234,4,0.033
234,5,0.147
234,6,0.249
234,7,0.27
234,8,0.293
234,9,0.29
234,10,0.272
234,11,0.291
234,12,0.268
234,13,0.201
234,14,0.179
234,15,0.119
234,16,0.038
234,17,0.001
234,18,0
234,19,0
234,20,0
234,21,0
234,22,0
234,23,0
235,0,0
235,1,0
235,2,0
235,3,0
235,4,0.026
235,5,0.108
235,6,0.189
235,7,0.224
235,8,0.272
235,9,0.38
235,10,0.556
235,11,0.616
235,12,0.587
235,13,0.49
235,14,0.363
235,15,0.206
235,16,0.066
235,17,0.002
235,18,0
235,19,0
235,20,0
235,21,0
235,22,0
235,23,0
236,0,0
236,1,0
236,2,0
236,3,0
236,4,0.029
236,5,0.146
236,6,0.296
236,7,0.426
236,8,0.523
236,9,0.584
236,10,0.606
236,11,0.586
236,12,0.511
236,13,0.39
236,14,0.26
236,15,0.136
236,16,0.046
236,17,0.001
236,18,0
236,19,0
236,20,0
236,21,0
236,22,0
236,23,0
237,0,0
237,1,0
237,2,0
237,3,0
237,4,0.026
237,5,0.143
237,6,0.31
237,7,0.467
237,8,0.58
237,9,0.646
237,10,0.668
237,11,0.641
237,12,0.539
237,13,0.436
237,14,0.3
237,15,0.169
237,16,0.054
237,17,0.001
237,18,0
237,19,0
237,20,0
237,21,0
237,22,0
237,23,0
238,0,0
238,1,0
238,2,0
238,3,0
238,4,0.026
238,5,0.153
238,6,0.317
238,7,0.462
238,8,0.542
238,9,0.587
238,10,0.573
238,11,0.535
238,12,0.452
238,13,0.348
238,14,0.239
238,15,0.123
238,16,0.048
238,17,0.001
238,18,0
238,19,0
238,20,0
238,21,0
238,22,0
238,23,0
239,0,0
239,1,0
239,2,0
239,3,0
239,4,0.024
239,5,0.143
239,6,0.303
239,7,0.446
239,8,0.544
239,9,0.561
239,10,0.512
239,11,0.48
239,12,0.418
239,13,0.347
239,14,0.254
239,15,0.149
239,16,0.046
239,17,0
239,18,0
239,19,0
239,20,0
239,21,0
239,22,0
239,23,0
240,0,0
240,1,0
240,2,0
240,3,0
240,4,0.023
240,5,0.145
240,6,0.306
240,7,0.448
240,8,0.55
240,9,0.591
240,10,0.596
240,11,0.525
240,12,0.462
240,13,0.383
240,14,0.263
240,15,0.125
240,16,0.038
240,17,0
240,18,0
240,19,0
240,20,0
240,21,0
240,22,0
240,23,0
241,0,0
241,1,0
241,2,0
241,3,0
241,4,0.018
241,5,0.107
241,6,0.27
241,7,0.439
241,8,0.553
241,9,0.624
241,10,0.65
241,11,0.628
241,12,0.556
241,13,0.409
241,14,0.24
241,15,0.124
241,16,0.035
241,17,0
241,18,0
241,19,0
241,20,0
241,21,0
241,22,0
241,23,0
242,0,0
242,1,0
242,2,0
242,3,0
242,4,0.017
242,5,0.096
242,6,0.207
242,7,0.324
242,8,0.425
242,9,0.489
242,10,0.498
242,11,0.433
242,12,0.36
242,13,0.28
242,14,0.192
242,15,0.1
242,16,0.031
242,17,0
242,18,0
242,19,0
242,20,0
242,21,0
242,22,0
242,23,0
243,0,0
243,1,0
243,2,0
243,3,0
243,4,0.017
243,5,0.12
243,6,0.275
243,7,0.432
243,8,0.552
243,9,0.628
243,10,0.641
243,11,0.624
243,12,0.56
243,13,0.456
243,14,0.32
243,15,0.171
243,16,0.044
243,17,0
243,18,0
243,19,0
243,20,0
243,21,0
243,22,0
243,23,0
244,0,0
244,1,0
244,2,0
244,3,0
244,4,0.017
244,5,0.123
244,6,0.28
244,7,0.457
244,8,0.569
244,9,0.639
244,10,0.665
244,11,0.649
244,12,0.59
244,13,0.491
244,14,0.35
244,15,0.163
244,16,0.035
244,17,0
244,18,0
244,19,0
244,20,0
244,21,0
244,22,0
244,23,0
245,0,0
245,1,0
245,2,0
245,3,0
245,4,0.017
245,5,0.113
245,6,0.226
245,7,0.286
245,8,0.287
245,9,0.283
245,10,0.255
245,11,0.217
245,12,0.192
245,13,0.146
245,14,0.096
245,15,0.042
245,16,0.006
245,17,0
245,18,0
245,19,0
245,20,0
245,21,0
245,22,0
245,23,0
246,0,0
246,1,0
246,2,0
246,3,0
246,4,0.001
246,5,0.018
246,6,0.063
246,7,0.125
246,8,0.189
246,9,0.273
246,10,0.414
246,11,0.467
246,12,0.541
246,13,0.444
246,14,0.335
246,15,0.157
246,16,0.036
246,17,0
246,18,0
246,19,0
246,20,0
246,21,0
246,22,0
246,23,0
247,0,0
247,1,0
247,2,0
247,3,0
247,4,0.014
247,5,0.144
247,6,0.319
247,7,0.467
247,8,0.586
247,9,0.653
247,10,0.705
247,11,0.692
247,12,0.633
247,13,0.53
247,14,0.383
247,15,0.204
247,16,0.043
247,17,0
247,18,0
247,19,0
247,20,0
247,21,0
247,22,0
247,23,0
248,0,0
248,1,0
248,2,0
248,3,0
248,4,0.01
248,5,0.155
248,6,0.343
248,7,0.501
248,8,0.616
248,9,0.687
248,10,0.712
248,11,0.694
248,12,0.634
248,13,0.528
248,14,0.38
248,15,0.2
248,16,0.037
248,17,0
248,18,0
248,19,0
248,20,0
248,21,0
248,22,0
248,23,0
249,0,0
249,1,0
249,2,0
249,3,0
249,4,0.008
249,5,0.072
249,6,0.166
249,7,0.293
249,8,0.465
249,9,0.631
249,10,0.692
249,11,0.642
249,12,0.572
249,13,0.462
249,14,0.322
249,15,0.151
249,16,0.036
249,17,0
249,18,0
249,19,0
249,20,0
249,21,0
249,22,0
249,23,0
250,0,0
250,1,0
250,2,0
250,3,0
250,4,0.003
250,5,0.054
250,6,0.156
250,7,0.235
250,8,0.275
250,9,0.273
250,10,0.302
250,11,0.321
250,12,0.321
250,13,0.273
250,14,0.206
250,15,0.109
250,16,0.021
250,17,0
250,18,0
250,19,0
250,20,0
250,21,0
250,22,0
250,23,0
251,0,0
251,1,0
251,2,0
251,3,0
251,4,0.006
251,5,0.06
251,6,0.148
251,7,0.262
251,8,0.458
251,9,0.509
251,10,0.458
251,11,0.423
251,12,0.398
251,13,0.336
251,14,0.199
251,15,0.113
251,16,0.025
251,17,0
251,18,0
251,19,0
251,20,0
251,21,0
251,22,0
251,23,0
252,0,0
252,1,0
252,2,0
252,3,0
252,4,0.005
252,5,0.08
252,6,0.176
252,7,0.17
252,8,0.215
252,9,0.328
252,10,0.482
252,11,0.504
252,12,0.315
252,13,0.147
252,14,0.06
252,15,0.015
252,16,0.001
252,17,0
252,18,0
252,19,0
252,20,0
252,21,0
252,22,0
252,23,0
253,0,0
253,1,0
253,2,0
253,3,0
253,4,0.007
253,5,0.132
253,6,0.328
253,7,0.495
253,8,0.611
253,9,0.677
253,10,0.7
253,11,0.679
253,12,0.611
253,13,0.506
253,14,0.357
253,15,0.186
253,16,0.028
253,17,0
253,18,0
253,19,0
253,20,0
253,21,0
253,22,0
253,23,0
254,0,0
254,1,0
254,2,0
254,3,0
254,4,0.006
254,5,0.135
254,6,0.326
254,7,0.49
254,8,0.609
254,9,0.684
254,10,0.711
254,11,0.693
254,12,0.625
254,13,0.49
254,14,0.302
254,15,0.125
254,16,0.02
254,17,0
254,18,0
254,19,0
254,20,0
254,21,0
254,22,0
254,23,0
255,0,0
255,1,0
255,2,0
255,3,0
255,4,0.006
255,5,0.13
255,6,0.317
255,7,0.478
255,8,0.595
255,9,0.668
255,10,0.694
255,11,0.675
255,12,0.613
255,13,0.486
255,14,0.35
255,15,0.176
255,16,0.025
255,17,0
255,18,0
255,19,0
255,20,0
255,21,0
255,22,0
255,23,0
256,0,0
256,1,0
256,2,0
256,3,0
256,4,0.005
256,5,0.117
256,6,0.297
256,7,0.459
256,8,0.577
256,9,0.645
256,10,0.671
256,11,0.658
256,12,0.594
256,13,0.425
256,14,0.238
256,15,0.091
256,16,0.01
256,17,0
256,18,0
256,19,0
256,20,0
256,21,0
256,22,0
256,23,0
257,0,0
257,1,0
257,2,0
257,3,0
257,4,0.005
257,5,0.137
257,6,0.337
257,7,0.489
257,8,0.612
257,9,0.713
257,10,0.739
257,11,0.72
257,12,0.655
257,13,0.478
257,14,0.154
257,15,0.122
257,16,0.023
257,17,0
257,18,0
257,19,0
257,20,0
257,21,0
257,22,0
257,23,0
258,0,0
258,1,0
258,2,0
258,3,0
258,4,0.004
258,5,0.136
258,6,0.338
258,7,0.506
258,8,0.628
258,9,0.7
258,10,0.723
258,11,0.702
258,12,0.633
258,13,0.517
258,14,0.358
258,15,0.167
258,16,0.018
258,17,0
258,18,0
258,19,0
258,20,0
258,21,0
258,22,0
258,23,0
259,0,0
259,1,0
259,2,0
259,3,0
259,4,0.001
259,5,0.031
259,6,0.072
259,7,0.114
259,8,0.121
259,9,0.153
259,10,0.196
259,11,0.29
259,12,0.248
259,13,0.112
259,14,0.095
259,15,0.054
259,16,0.006
259,17,0
259,18,0
259,19,0
259,20,0
259,21,0
259,22,0
259,23,0
260,0,0
260,1,0
260,2,0
260,3,0
260,4,0
260,5,0.042
260,6,0.217
260,7,0.389
260,8,0.376
260,9,0.571
260,10,0.663
260,11,0.682
260,12,0.568
260,13,0.399
260,14,0.251
260,15,0.122
260,16,0.012
260,17,0
260,18,0
260,19,0
260,20,0
260,21,0
260,22,0
260,23,0
261,0,0
261,1,0
261,2,0
261,3,0
261,4,0
261,5,0.03
261,6,0.093
261,7,0.244
261,8,0.367
261,9,0.628
261,10,0.706
261,11,0.69
261,12,0.604
261,13,0.48
261,14,0.335
261,15,0.163
261,16,0.016
261,17,0
261,18,0
261,19,0
261,20,0
261,21,0
261,22,0
261,23,0
262,0,0
262,1,0
262,2,0
262,3,0
262,4,0.001
262,5,0.097
262,6,0.281
262,7,0.452
262,8,0.513
262,9,0.542
262,10,0.558
262,11,0.514
262,12,0.43
262,13,0.304
262,14,0.176
262,15,0.057
262,16,0.004
262,17,0
262,18,0
262,19,0
262,20,0
262,21,0
262,22,0
262,23,0
263,0,0
263,1,0
263,2,0
263,3,0
263,4,0.001
263,5,0.086
263,6,0.229
263,7,0.382
263,8,0.473
263,9,0.557
263,10,0.542
263,11,0.491
263,12,0.437
263,13,0.362
263,14,0.262
263,15,0.098
263,16,0.006
263,17,0
263,18,0
263,19,0
263,20,0
263,21,0
263,22,0
263,23,0
264,0,0
264,1,0
264,2,0
264,3,0
264,4,0
264,5,0.093
264,6,0.283
264,7,0.463
264,8,0.599
264,9,0.679
264,10,0.708
264,11,0.688
264,12,0.623
264,13,0.508
264,14,0.347
264,15,0.155
264,16,0.01
264,17,0
264,18,0
264,19,0
264,20,0
264,21,0
264,22,0
264,23,0
265,0,0
265,1,0
265,2,0
265,3,0
265,4,0
265,5,0.108
265,6,0.312
265,7,0.488
265,8,0.612
265,9,0.688
265,10,0.713
265,11,0.692
265,12,0.626
265,13,0.514
265,14,0.355
265,15,0.163
265,16,0.01
265,17,0
265,18,0
265,19,0
265,20,0
265,21,0
265,22,0
265,23,0
266,0,0
266,1,0
266,2,0
266,3,0
266,4,0
266,5,0.088
266,6,0.259
266,7,0.429
266,8,0.561
266,9,0.643
266,10,0.67
266,11,0.66
266,12,0.602
266,13,0.497
266,14,0.342
266,15,0.153
266,16,0.008
266,17,0
266,18,0
266,19,0
266,20,0
266,21,0
266,22,0
266,23,0
267,0,0
267,1,0
267,2,0
267,3,0
267,4,0
267,5,0.025
267,6,0.088
267,7,0.261
267,8,0.514
267,9,0.669
267,10,0.7
267,11,0.667
267,12,0.576
267,13,0.44
267,14,0.243
267,15,0.076
267,16,0.003
267,17,0
267,18,0
267,19,0
267,20,0
267,21,0
267,22,0
267,23,0
268,0,0
268,1,0
268,2,0
268,3,0
268,4,0
268,5,0.009
268,6,0.035
268,7,0.068
268,8,0.118
268,9,0.186
268,10,0.272
268,11,0.327
268,12,0.315
268,13,0.181
268,14,0.048
268,15,0.015
268,16,0
268,17,0
268,18,0
268,19,0
268,20,0
268,21,0
268,22,0
268,23,0
269,0,0
269,1,0
269,2,0
269,3,0
269,4,0
269,5,0.044
269,6,0.154
269,7,0.342
269,8,0.532
269,9,0.587
269,10,0.525
269,11,0.41
269,12,0.317
269,13,0.19
269,14,0.11
269,15,0.052
269,16,0.001
269,17,0
269,18,0
269,19,0
269,20,0
269,21,0
269,22,0
269,23,0
270,0,0
270,1,0
270,2,0
270,3,0
270,4,0
270,5,0.072
270,6,0.262
270,7,0.44
270,8,0.568
270,9,0.648
270,10,0.674
270,11,0.634
270,12,0.502
270,13,0.28
270,14,0.112
270,15,0.039
270,16,0
270,17,0
270,18,0
270,19,0
270,20,0
270,21,0
270,22,0
270,23,0
271,0,0
271,1,0
271,2,0
271,3,0
271,4,0
271,5,0.05
271,6,0.212
271,7,0.372
271,8,0.545
271,9,0.596
271,10,0.394
271,11,0.247
271,12,0.146
271,13,0.078
271,14,0.04
271,15,0.026
271,16,0.001
271,17,0
271,18,0
271,19,0
271,20,0
271,21,0
271,22,0
271,23,0
272,0,0
272,1,0
272,2,0
272,3,0
272,4,0
272,5,0.06
272,6,0.231
272,7,0.391
272,8,0.394
272,9,0.408
272,10,0.449
272,11,0.463
272,12,0.419
272,13,0.334
272,14,0.227
272,15,0.062
272,16,0
272,17,0
272,18,0
272,19,0
272,20,0
272,21,0
272,22,0
272,23,0
273,0,0
273,1,0
273,2,0
273,3,0
273,4,0
273,5,0.061
273,6,0.241
273,7,0.415
273,8,0.514
273,9,0.44
273,10,0.424
273,11,0.519
273,12,0.466
273,13,0.334
273,14,0.133
273,15,0.052
273,16,0
273,17,0
273,18,0
273,19,0
273,20,0
273,21,0
273,22,0
273,23,0
274,0,0
274,1,0
274,2,0
274,3,0
274,4,0
274,5,0.05
274,6,0.24
274,7,0.423
274,8,0.548
274,9,0.647
274,10,0.681
274,11,0.663
274,12,0.598
274,13,0.48
274,14,0.27
274,15,0.08
274,16,0.001
274,17,0
274,18,0
274,19,0
274,20,0
274,21,0
274,22,0
274,23,0
275,0,0
275,1,0
275,2,0
275,3,0
275,4,0
275,5,0.028
275,6,0.145
275,7,0.297
275,8,0.418
275,9,0.524
275,10,0.496
275,11,0.322
275,12,0.18
275,13,0.12
275,14,0.07
275,15,0.019
275,16,0
275,17,0
275,18,0
275,19,0
275,20,0
275,21,0
275,22,0
275,23,0
276,0,0
276,1,0
276,2,0
276,3,0
276,4,0
276,5,0.006
276,6,0.047
276,7,0.123
276,8,0.226
276,9,0.317
276,10,0.449
276,11,0.501
276,12,0.501
276,13,0.381
276,14,0.228
276,15,0.058
276,16,0
276,17,0
276,18,0
276,19,0
276,20,0
276,21,0
276,22,0
276,23,0
277,0,0
277,1,0
277,2,0
277,3,0
277,4,0
277,5,0.011
277,6,0.081
277,7,0.306
277,8,0.507
277,9,0.586
277,10,0.632
277,11,0.598
277,12,0.533
277,13,0.429
277,14,0.232
277,15,0.046
277,16,0
277,17,0
277,18,0
277,19,0
277,20,0
277,21,0
277,22,0
277,23,0
278,0,0
278,1,0
278,2,0
278,3,0
278,4,0
278,5,0.002
278,6,0.021
278,7,0.048
278,8,0.081
278,9,0.115
278,10,0.148
278,11,0.147
278,12,0.112
278,13,0.055
278,14,0.023
278,15,0.004
278,16,0
278,17,0
278,18,0
278,19,0
278,20,0
278,21,0
278,22,0
278,23,0
279,0,0
279,1,0
279,2,0
279,3,0
279,4,0
279,5,0.006
279,6,0.038
279,7,0.081
279,8,0.149
279,9,0.279
279,10,0.399
279,11,0.505
279,12,0.448
279,13,0.352
279,14,0.187
279,15,0.049
279,16,0
279,17,0
279,18,0
279,19,0
279,20,0
279,21,0
279,22,0
279,23,0
280,0,0
280,1,0
280,2,0
280,3,0
280,4,0
280,5,0.048
280,6,0.243
280,7,0.446
280,8,0.573
280,9,0.615
280,10,0.61
280,11,0.574
280,12,0.413
280,13,0.324
280,14,0.191
280,15,0.062
280,16,0
280,17,0
280,18,0
280,19,0
280,20,0
280,21,0
280,22,0
280,23,0
281,0,0
281,1,0
281,2,0
281,3,0
281,4,0
281,5,0.013
281,6,0.055
281,7,0.099
281,8,0.135
281,9,0.169
281,10,0.183
281,11,0.193
281,12,0.292
281,13,0.239
281,14,0.107
281,15,0.024
281,16,0
281,17,0
281,18,0
281,19,0
281,20,0
281,21,0
281,22,0
281,23,0
282,0,0
282,1,0
282,2,0
282,3,0
282,4,0
282,5,0.003
282,6,0.048
282,7,0.094
282,8,0.161
282,9,0.234
282,10,0.259
282,11,0.218
282,12,0.159
282,13,0.106
282,14,0.054
282,15,0.006
282,16,0
282,17,0
282,18,0
282,19,0
282,20,0
282,21,0
282,22,0
282,23,0
283,0,0
283,1,0
283,2,0
283,3,0
283,4,0
283,5,0.028
283,6,0.178
283,7,0.372
283,8,0.536
283,9,0.614
283,10,0.633
283,11,0.593
283,12,0.504
283,13,0.376
283,14,0.22
283,15,0.052
283,16,0
283,17,0
283,18,0
283,19,0
283,20,0
283,21,0
283,22,0
283,23,0
284,0,0
284,1,0
284,2,0
284,3,0
284,4,0
284,5,0.02
284,6,0.138
284,7,0.375
284,8,0.451
284,9,0.534
284,10,0.603
284,11,0.486
284,12,0.377
284,13,0.225
284,14,0.07
284,15,0.011
284,16,0
284,17,0
284,18,0
284,19,0
284,20,0
284,21,0
284,22,0
284,23,0
285,0,0
285,1,0
285,2,0
285,3,0
285,4,0
285,5,0.019
285,6,0.188
285,7,0.396
285,8,0.547
285,9,0.635
285,10,0.665
285,11,0.649
285,12,0.585
285,13,0.469
285,14,0.301
285,15,0.101
285,16,0
285,17,0
285,18,0
285,19,0
285,20,0
285,21,0
285,22,0
285,23,0
286,0,0
286,1,0
286,2,0
286,3,0
286,4,0
286,5,0.017
286,6,0.127
286,7,0.311
286,8,0.488
286,9,0.608
286,10,0.642
286,11,0.621
286,12,0.553
286,13,0.434
286,14,0.265
286,15,0.074
286,16,0
286,17,0
286,18,0
286,19,0
286,20,0
286,21,0
286,22,0
286,23,0
287,0,0
287,1,0
287,2,0
287,3,0
287,4,0
287,5,0.023
287,6,0.198
287,7,0.393
287,8,0.532
287,9,0.613
287,10,0.64
287,11,0.621
287,12,0.555
287,13,0.439
287,14,0.272
287,15,0.076
287,16,0
287,17,0
287,18,0
287,19,0
287,20,0
287,21,0
287,22,0
287,23,0
288,0,0
288,1,0
288,2,0
288,3,0
288,4,0
288,5,0.007
288,6,0.082
288,7,0.185
288,8,0.295
288,9,0.333
288,10,0.342
288,11,0.347
288,12,0.342
288,13,0.292
288,14,0.19
288,15,0.047
288,16,0
288,17,0
288,18,0
288,19,0
288,20,0
288,21,0
288,22,0
288,23,0
289,0,0
289,1,0
289,2,0
289,3,0
289,4,0
289,5,0.015
289,6,0.173
289,7,0.36
289,8,0.498
289,9,0.585
289,10,0.615
289,11,0.575
289,12,0.425
289,13,0.247
289,14,0.143
289,15,0.04
289,16,0
289,17,0
289,18,0
289,19,0
289,20,0
289,21,0
289,22,0
289,23,0
290,0,0
290,1,0
290,2,0
290,3,0
290,4,0
290,5,0.016
290,6,0.17
290,7,0.345
290,8,0.495
290,9,0.594
290,10,0.636
290,11,0.625
290,12,0.562
290,13,0.445
290,14,0.273
290,15,0.058
290,16,0
290,17,0
290,18,0
290,19,0
290,20,0
290,21,0
290,22,0
290,23,0
291,0,0
291,1,0
291,2,0
291,3,0
291,4,0
291,5,0.005
291,6,0.14
291,7,0.329
291,8,0.481
291,9,0.581
291,10,0.626
291,11,0.616
291,12,0.545
291,13,0.407
291,14,0.181
291,15,0.021
291,16,0
291,17,0
291,18,0
291,19,0
291,20,0
291,21,0
291,22,0
291,23,0
292,0,0
292,1,0
292,2,0
292,3,0
292,4,0
292,5,0.007
292,6,0.151
292,7,0.345
292,8,0.495
292,9,0.585
292,10,0.613
292,11,0.518
292,12,0.243
292,13,0.118
292,14,0.079
292,15,0.016
292,16,0
292,17,0
292,18,0
292,19,0
292,20,0
292,21,0
292,22,0
292,23,0
293,0,0
293,1,0
293,2,0
293,3,0
293,4,0
293,5,0.007
293,6,0.166
293,7,0.367
293,8,0.506
293,9,0.589
293,10,0.625
293,11,0.61
293,12,0.544
293,13,0.424
293,14,0.253
293,15,0.042
293,16,0
293,17,0
293,18,0
293,19,0
293,20,0
293,21,0
293,22,0
293,23,0
294,0,0
294,1,0
294,2,0
294,3,0
294,4,0
294,5,0.006
294,6,0.152
294,7,0.349
294,8,0.495
294,9,0.584
294,10,0.617
294,11,0.6
294,12,0.537
294,13,0.421
294,14,0.251
294,15,0.039
294,16,0
294,17,0
294,18,0
294,19,0
294,20,0
294,21,0
294,22,0
294,23,0
295,0,0
295,1,0
295,2,0
295,3,0
295,4,0
295,5,0.004
295,6,0.146
295,7,0.339
295,8,0.472
295,9,0.55
295,10,0.592
295,11,0.582
295,12,0.517
295,13,0.396
295,14,0.224
295,15,0.028
295,16,0
295,17,0
295,18,0
295,19,0
295,20,0
295,21,0
295,22,0
295,23,0
296,0,0
296,1,0
296,2,0
296,3,0
296,4,0
296,5,0.002
296,6,0.127
296,7,0.325
296,8,0.479
296,9,0.556
296,10,0.591
296,11,0.571
296,12,0.495
296,13,0.371
296,14,0.201
296,15,0.022
296,16,0
296,17,0
296,18,0
296,19,0
296,20,0
296,21,0
296,22,0
296,23,0
297,0,0
297,1,0
297,2,0
297,3,0
297,4,0
297,5,0.002
297,6,0.147
297,7,0.356
297,8,0.506
297,9,0.592
297,10,0.62
297,11,0.596
297,12,0.513
297,13,0.376
297,14,0.198
297,15,0.021
297,16,0
297,17,0
297,18,0
297,19,0
297,20,0
297,21,0
297,22,0
297,23,0
298,0,0
298,1,0
298,2,0
298,3,0
298,4,0
298,5,0.001
298,6,0.139
298,7,0.348
298,8,0.5
298,9,0.586
298,10,0.6
298,11,0.567
298,12,0.485
298,13,0.333
298,14,0.141
298,15,0.01
298,16,0
298,17,0
298,18,0
298,19,0
298,20,0
298,21,0
298,22,0
298,23,0
299,0,0
299,1,0
299,2,0
299,3,0
299,4,0
299,5,0
299,6,0.086
299,7,0.252
299,8,0.417
299,9,0.546
299,10,0.598
299,11,0.586
299,12,0.52
299,13,0.397
299,14,0.223
299,15,0.018
299,16,0
299,17,0
299,18,0
299,19,0
299,20,0
299,21,0
299,22,0
299,23,0
300,0,0
300,1,0
300,2,0
300,3,0
300,4,0
300,5,0
300,6,0.139
300,7,0.353
300,8,0.505
300,9,0.594
300,10,0.625
300,11,0.603
300,12,0.531
300,13,0.404
300,14,0.224
300,15,0.016
300,16,0
300,17,0
300,18,0
300,19,0
300,20,0
300,21,0
300,22,0
300,23,0
301,0,0
301,1,0
301,2,0
301,3,0
301,4,0
301,5,0
301,6,0.02
301,7,0.055
301,8,0.087
301,9,0.152
301,10,0.249
301,11,0.355
301,12,0.463
301,13,0.419
301,14,0.231
301,15,0.012
301,16,0
301,17,0
301,18,0
301,19,0
301,20,0
301,21,0
301,22,0
301,23,0
302,0,0
302,1,0
302,2,0
302,3,0
302,4,0
302,5,0
302,6,0.015
302,7,0.086
302,8,0.164
302,9,0.169
302,10,0.173
302,11,0.149
302,12,0.143
302,13,0.092
302,14,0.035
302,15,0
302,16,0
302,17,0
302,18,0
302,19,0
302,20,0
302,21,0
302,22,0
302,23,0
303,0,0
303,1,0
303,2,0
303,3,0
303,4,0
303,5,0
303,6,0.021
303,7,0.101
303,8,0.264
303,9,0.437
303,10,0.599
303,11,0.553
303,12,0.484
303,13,0.378
303,14,0.205
303,15,0.009
303,16,0
303,17,0
303,18,0
303,19,0
303,20,0
303,21,0
303,22,0
303,23,0
304,0,0
304,1,0
304,2,0
304,3,0
304,4,0
304,5,0
304,6,0.125
304,7,0.358
304,8,0.519
304,9,0.611
304,10,0.649
304,11,0.636
304,12,0.566
304,13,0.43
304,14,0.235
304,15,0.009
304,16,0
304,17,0
304,18,0
304,19,0
304,20,0
304,21,0
304,22,0
304,23,0
305,0,0
305,1,0
305,2,0
305,3,0
305,4,0
305,5,0
305,6,0.117
305,7,0.355
305,8,0.527
305,9,0.626
305,10,0.661
305,11,0.637
305,12,0.552
305,13,0.391
305,14,0.199
305,15,0.006
305,16,0
305,17,0
305,18,0
305,19,0
305,20,0
305,21,0
305,22,0
305,23,0
306,0,0
306,1,0
306,2,0
306,3,0
306,4,0
306,5,0
306,6,0.04
306,7,0.172
306,8,0.303
306,9,0.318
306,10,0.432
306,11,0.514
306,12,0.454
306,13,0.301
306,14,0.078
306,15,0
306,16,0
306,17,0
306,18,0
306,19,0
306,20,0
306,21,0
306,22,0
306,23,0
307,0,0
307,1,0
307,2,0
307,3,0
307,4,0
307,5,0
307,6,0.074
307,7,0.26
307,8,0.443
307,9,0.548
307,10,0.583
307,11,0.558
307,12,0.458
307,13,0.332
307,14,0.163
307,15,0.002
307,16,0
307,17,0
307,18,0
307,19,0
307,20,0
307,21,0
307,22,0
307,23,0
308,0,0
308,1,0
308,2,0
308,3,0
308,4,0
308,5,0
308,6,0.006
308,7,0.032
308,8,0.084
308,9,0.145
308,10,0.134
308,11,0.104
308,12,0.085
308,13,0.038
308,14,0.011
308,15,0
308,16,0
308,17,0
308,18,0
308,19,0
308,20,0
308,21,0
308,22,0
308,23,0
309,0,0
309,1,0
309,2,0
309,3,0
309,4,0
309,5,0
309,6,0.051
309,7,0.081
309,8,0.089
309,9,0.126
309,10,0.261
309,11,0.275
309,12,0.123
309,13,0.059
309,14,0.008
309,15,0
309,16,0
309,17,0
309,18,0
309,19,0
309,20,0
309,21,0
309,22,0
309,23,0
310,0,0
310,1,0
310,2,0
310,3,0
310,4,0
310,5,0
310,6,0.013
310,7,0.079
310,8,0.284
310,9,0.54
310,10,0.571
310,11,0.553
310,12,0.483
310,13,0.366
310,14,0.182
310,15,0.001
310,16,0
310,17,0
310,18,0
310,19,0
310,20,0
310,21,0
310,22,0
310,23,0
311,0,0
311,1,0
311,2,0
311,3,0
311,4,0
311,5,0
311,6,0.036
311,7,0.138
311,8,0.149
311,9,0.116
311,10,0.121
311,11,0.153
311,12,0.106
311,13,0.105
311,14,0.052
311,15,0
311,16,0
311,17,0
311,18,0
311,19,0
311,20,0
311,21,0
311,22,0
311,23,0
312,0,0
312,1,0
312,2,0
312,3,0
312,4,0
312,5,0
312,6,0.027
312,7,0.118
312,8,0.246
312,9,0.384
312,10,0.481
312,11,0.486
312,12,0.397
312,13,0.225
312,14,0.075
312,15,0
312,16,0
312,17,0
312,18,0
312,19,0
312,20,0
312,21,0
312,22,0
312,23,0
313,0,0
313,1,0
313,2,0
313,3,0
313,4,0
313,5,0
313,6,0.009
313,7,0.108
313,8,0.23
313,9,0.284
313,10,0.327
313,11,0.371
313,12,0.329
313,13,0.2
313,14,0.046
313,15,0
313,16,0
313,17,0
313,18,0
313,19,0
313,20,0
313,21,0
313,22,0
313,23,0
314,0,0
314,1,0
314,2,0
314,3,0
314,4,0
314,5,0
314,6,0.003
314,7,0.018
314,8,0.034
314,9,0.05
314,10,0.044
314,11,0.035
314,12,0.024
314,13,0.011
314,14,0.001
314,15,0
314,16,0
314,17,0
314,18,0
314,19,0
314,20,0
314,21,0
314,22,0
314,23,0
315,0,0
315,1,0
315,2,0
315,3,0
315,4,0
315,5,0
315,6,0.004
315,7,0.04
315,8,0.1
315,9,0.334
315,10,0.505
315,11,0.542
315,12,0.492
315,13,0.359
315,14,0.163
315,15,0
315,16,0
315,17,0
315,18,0
315,19,0
315,20,0
315,21,0
315,22,0
315,23,0
316,0,0
316,1,0
316,2,0
316,3,0
316,4,0
316,5,0
316,6,0.008
316,7,0.058
316,8,0.153
316,9,0.136
316,10,0.123
316,11,0.101
316,12,0.1
316,13,0.09
316,14,0.012
316,15,0
316,16,0
316,17,0
316,18,0
316,19,0
316,20,0
316,21,0
316,22,0
316,23,0
317,0,0
317,1,0
317,2,0
317,3,0
317,4,0
317,5,0
317,6,0
317,7,0.006
317,8,0.02
317,9,0.047
317,10,0.158
317,11,0.344
317,12,0.368
317,13,0.231
317,14,0.079
317,15,0
317,16,0
317,17,0
317,18,0
317,19,0
317,20,0
317,21,0
317,22,0
317,23,0
318,0,0
318,1,0
318,2,0
318,3,0
318,4,0
318,5,0
318,6,0.009
318,7,0.088
318,8,0.229
318,9,0.371
318,10,0.363
318,11,0.302
318,12,0.226
318,13,0.129
318,14,0.04
318,15,0
318,16,0
318,17,0
318,18,0
318,19,0
318,20,0
318,21,0
318,22,0
318,23,0
319,0,0
319,1,0
319,2,0
319,3,0
319,4,0
319,5,0
319,6,0.011
319,7,0.097
319,8,0.216
319,9,0.342
319,10,0.438
319,11,0.468
319,12,0.423
319,13,0.288
319,14,0.089
319,15,0
319,16,0
319,17,0
319,18,0
319,19,0
319,20,0
319,21,0
319,22,0
319,23,0
320,0,0
320,1,0
320,2,0
320,3,0
320,4,0
320,5,0
320,6,0.011
320,7,0.072
320,8,0.139
320,9,0.195
320,10,0.205
320,11,0.197
320,12,0.159
320,13,0.077
320,14,0.016
320,15,0
320,16,0
320,17,0
320,18,0
320,19,0
320,20,0
320,21,0
320,22,0
320,23,0
321,0,0
321,1,0
321,2,0
321,3,0
321,4,0
321,5,0
321,6,0.019
321,7,0.143
321,8,0.358
321,9,0.506
321,10,0.544
321,11,0.518
321,12,0.399
321,13,0.189
321,14,0.034
321,15,0
321,16,0
321,17,0
321,18,0
321,19,0
321,20,0
321,21,0
321,22,0
321,23,0
322,0,0
322,1,0
322,2,0
322,3,0
322,4,0
322,5,0
322,6,0.007
322,7,0.09
322,8,0.249
322,9,0.353
322,10,0.231
322,11,0.153
322,12,0.076
322,13,0.03
322,14,0.005
322,15,0
322,16,0
322,17,0
322,18,0
322,19,0
322,20,0
322,21,0
322,22,0
322,23,0
323,0,0
323,1,0
323,2,0
323,3,0
323,4,0
323,5,0
323,6,0.013
323,7,0.092
323,8,0.267
323,9,0.506
323,10,0.56
323,11,0.528
323,12,0.35
323,13,0.125
323,14,0.029
323,15,0
323,16,0
323,17,0
323,18,0
323,19,0
323,20,0
323,21,0
323,22,0
323,23,0
324,0,0
324,1,0
324,2,0
324,3,0
324,4,0
324,5,0
324,6,0.005
324,7,0.08
324,8,0.21
324,9,0.265
324,10,0.261
324,11,0.229
324,12,0.138
324,13,0.06
324,14,0.009
324,15,0
324,16,0
324,17,0
324,18,0
324,19,0
324,20,0
324,21,0
324,22,0
324,23,0
325,0,0
325,1,0
325,2,0
325,3,0
325,4,0
325,5,0
325,6,0.002
325,7,0.051
325,8,0.097
325,9,0.098
325,10,0.083
325,11,0.14
325,12,0.118
325,13,0.051
325,14,0.008
325,15,0
325,16,0
325,17,0
325,18,0
325,19,0
325,20,0
325,21,0
325,22,0
325,23,0
326,0,0
326,1,0
326,2,0
326,3,0
326,4,0
326,5,0
326,6,0
326,7,0.024
326,8,0.065
326,9,0.129
326,10,0.246
326,11,0.349
326,12,0.324
326,13,0.2
326,14,0.044
326,15,0
326,16,0
326,17,0
326,18,0
326,19,0
326,20,0
326,21,0
326,22,0
326,23,0
327,0,0
327,1,0
327,2,0
327,3,0
327,4,0
327,5,0
327,6,0.001
327,7,0.05
327,8,0.223
327,9,0.366
327,10,0.473
327,11,0.513
327,12,0.449
327,13,0.299
327,14,0.085
327,15,0
327,16,0
327,17,0
327,18,0
327,19,0
327,20,0
327,21,0
327,22,0
327,23,0
328,0,0
328,1,0
328,2,0
328,3,0
328,4,0
328,5,0
328,6,0.006
328,7,0.108
328,8,0.246
328,9,0.337
328,10,0.415
328,11,0.484
328,12,0.415
328,13,0.247
328,14,0.054
328,15,0
328,16,0
328,17,0
328,18,0
328,19,0
328,20,0
328,21,0
328,22,0
328,23,0
329,0,0
329,1,0
329,2,0
329,3,0
329,4,0
329,5,0
329,6,0.002
329,7,0.063
329,8,0.147
329,9,0.215
329,10,0.253
329,11,0.25
329,12,0.204
329,13,0.116
329,14,0.02
329,15,0
329,16,0
329,17,0
329,18,0
329,19,0
329,20,0
329,21,0
329,22,0
329,23,0
330,0,0
330,1,0
330,2,0
330,3,0
330,4,0
330,5,0
330,6,0
330,7,0.02
330,8,0.064
330,9,0.122
330,10,0.194
330,11,0.246
330,12,0.194
330,13,0.095
330,14,0.014
330,15,0
330,16,0
330,17,0
330,18,0
330,19,0
330,20,0
330,21,0
330,22,0
330,23,0
331,0,0
331,1,0
331,2,0
331,3,0
331,4,0
331,5,0
331,6,0.003
331,7,0.089
331,8,0.216
331,9,0.324
331,10,0.431
331,11,0.473
331,12,0.394
331,13,0.241
331,14,0.045
331,15,0
331,16,0
331,17,0
331,18,0
331,19,0
331,20,0
331,21,0
331,22,0
331,23,0
332,0,0
332,1,0
332,2,0
332,3,0
332,4,0
332,5,0
332,6,0.003
332,7,0.072
332,8,0.179
332,9,0.204
332,10,0.153
332,11,0.108
332,12,0.071
332,13,0.032
332,14,0.002
332,15,0
332,16,0
332,17,0
332,18,0
332,19,0
332,20,0
332,21,0
332,22,0
332,23,0
333,0,0
333,1,0
333,2,0
333,3,0
333,4,0
333,5,0
333,6,0.001
333,7,0.07
333,8,0.105
333,9,0.121
333,10,0.145
333,11,0.124
333,12,0.101
333,13,0.061
333,14,0.008
333,15,0
333,16,0
333,17,0
333,18,0
333,19,0
333,20,0
333,21,0
333,22,0
333,23,0
334,0,0
334,1,0
334,2,0
334,3,0
334,4,0
334,5,0
334,6,0.001
334,7,0.092
334,8,0.321
334,9,0.456
334,10,0.478
334,11,0.425
334,12,0.36
334,13,0.244
334,14,0.05
334,15,0
334,16,0
334,17,0
334,18,0
334,19,0
334,20,0
334,21,0
334,22,0
334,23,0
335,0,0
335,1,0
335,2,0
335,3,0
335,4,0
335,5,0
335,6,0
335,7,0.047
335,8,0.13
335,9,0.229
335,10,0.311
335,11,0.358
335,12,0.288
335,13,0.122
335,14,0.011
335,15,0
335,16,0
335,17,0
335,18,0
335,19,0
335,20,0
335,21,0
335,22,0
335,23,0
336,0,0
336,1,0
336,2,0
336,3,0
336,4,0
336,5,0
336,6,0
336,7,0.007
336,8,0.023
336,9,0.048
336,10,0.063
336,11,0.058
336,12,0.051
336,13,0.054
336,14,0.009
336,15,0
336,16,0
336,17,0
336,18,0
336,19,0
336,20,0
336,21,0
336,22,0
336,23,0
337,0,0
337,1,0
337,2,0
337,3,0
337,4,0
337,5,0
337,6,0
337,7,0.031
337,8,0.098
337,9,0.22
337,10,0.432
337,11,0.364
337,12,0.269
337,13,0.16
337,14,0.024
337,15,0
337,16,0
337,17,0
337,18,0
337,19,0
337,20,0
337,21,0
337,22,0
337,23,0
338,0,0
338,1,0
338,2,0
338,3,0
338,4,0
338,5,0
338,6,0.003
338,7,0.154
338,8,0.33
338,9,0.419
338,10,0.458
338,11,0.388
338,12,0.283
338,13,0.152
338,14,0.019
338,15,0
338,16,0
338,17,0
338,18,0
338,19,0
338,20,0
338,21,0
338,22,0
338,23,0
339,0,0
339,1,0
339,2,0
339,3,0
339,4,0
339,5,0
339,6,0.005
339,7,0.21
339,8,0.42
339,9,0.539
339,10,0.582
339,11,0.557
339,12,0.469
339,13,0.309
339,14,0.051
339,15,0
339,16,0
339,17,0
339,18,0
339,19,0
339,20,0
339,21,0
339,22,0
339,23,0
340,0,0
340,1,0
340,2,0
340,3,0
340,4,0
340,5,0
340,6,0.004
340,7,0.208
340,8,0.424
340,9,0.545
340,10,0.589
340,11,0.567
340,12,0.481
340,13,0.313
340,14,0.042
340,15,0
340,16,0
340,17,0
340,18,0
340,19,0
340,20,0
340,21,0
340,22,0
340,23,0
341,0,0
341,1,0
341,2,0
341,3,0
341,4,0
341,5,0
341,6,0
341,7,0.056
341,8,0.106
341,9,0.099
341,10,0.137
341,11,0.205
341,12,0.221
341,13,0.134
341,14,0.014
341,15,0
341,16,0
341,17,0
341,18,0
341,19,0
341,20,0
341,21,0
341,22,0
341,23,0
342,0,0
342,1,0
342,2,0
342,3,0
342,4,0
342,5,0
342,6,0
342,7,0.047
342,8,0.148
342,9,0.325
342,10,0.485
342,11,0.425
342,12,0.358
342,13,0.222
342,14,0.011
342,15,0
342,16,0
342,17,0
342,18,0
342,19,0
342,20,0
342,21,0
342,22,0
342,23,0
343,0,0
343,1,0
343,2,0
343,3,0
343,4,0
343,5,0
343,6,0
343,7,0.121
343,8,0.297
343,9,0.381
343,10,0.423
343,11,0.409
343,12,0.314
343,13,0.156
343,14,0.011
343,15,0
343,16,0
343,17,0
343,18,0
343,19,0
343,20,0
343,21,0
343,22,0
343,23,0
344,0,0
344,1,0
344,2,0
344,3,0
344,4,0
344,5,0
344,6,0
344,7,0.003
344,8,0.025
344,9,0.074
344,10,0.231
344,11,0.396
344,12,0.309
344,13,0.111
344,14,0.004
344,15,0
344,16,0
344,17,0
344,18,0
344,19,0
344,20,0
344,21,0
344,22,0
344,23,0
345,0,0
345,1,0
345,2,0
345,3,0
345,4,0
345,5,0
345,6,0
345,7,0.142
345,8,0.366
345,9,0.508
345,10,0.555
345,11,0.526
345,12,0.432
345,13,0.258
345,14,0.031
345,15,0
345,16,0
345,17,0
345,18,0
345,19,0
345,20,0
345,21,0
345,22,0
345,23,0
346,0,0
346,1,0
346,2,0
346,3,0
346,4,0
346,5,0
346,6,0
346,7,0.125
346,8,0.358
346,9,0.488
346,10,0.52
346,11,0.473
346,12,0.353
346,13,0.151
346,14,0.011
346,15,0
346,16,0
346,17,0
346,18,0
346,19,0
346,20,0
346,21,0
346,22,0
346,23,0
347,0,0
347,1,0
347,2,0
347,3,0
347,4,0
347,5,0
347,6,0
347,7,0.01
347,8,0.039
347,9,0.097
347,10,0.251
347,11,0.386
347,12,0.374
347,13,0.207
347,14,0.014
347,15,0
347,16,0
347,17,0
347,18,0
347,19,0
347,20,0
347,21,0
347,22,0
347,23,0
348,0,0
348,1,0
348,2,0
348,3,0
348,4,0
348,5,0
348,6,0
348,7,0.004
348,8,0.02
348,9,0.082
348,10,0.412
348,11,0.471
348,12,0.384
348,13,0.114
348,14,0.002
348,15,0
348,16,0
348,17,0
348,18,0
348,19,0
348,20,0
348,21,0
348,22,0
348,23,0
349,0,0
349,1,0
349,2,0
349,3,0
349,4,0
349,5,0
349,6,0
349,7,0.077
349,8,0.065
349,9,0.051
349,10,0.05
349,11,0.042
349,12,0.021
349,13,0.009
349,14,0
349,15,0
349,16,0
349,17,0
349,18,0
349,19,0
349,20,0
349,21,0
349,22,0
349,23,0
350,0,0
350,1,0
350,2,0
350,3,0
350,4,0
350,5,0
350,6,0
350,7,0.061
350,8,0.148
350,9,0.196
350,10,0.116
350,11,0.068
350,12,0.034
350,13,0.027
350,14,0.005
350,15,0
350,16,0
350,17,0
350,18,0
350,19,0
350,20,0
350,21,0
350,22,0
350,23,0
351,0,0
351,1,0
351,2,0
351,3,0
351,4,0
351,5,0
351,6,0
351,7,0.023
351,8,0.078
351,9,0.153
351,10,0.181
351,11,0.217
351,12,0.139
351,13,0.053
351,14,0.003
351,15,0
351,16,0
351,17,0
351,18,0
351,19,0
351,20,0
351,21,0
351,22,0
351,23,0
352,0,0
352,1,0
352,2,0
352,3,0
352,4,0
352,5,0
352,6,0
352,7,0.081
352,8,0.235
352,9,0.383
352,10,0.426
352,11,0.384
352,12,0.293
352,13,0.163
352,14,0.01
352,15,0
352,16,0
352,17,0
352,18,0
352,19,0
352,20,0
352,21,0
352,22,0
352,23,0
353,0,0
353,1,0
353,2,0
353,3,0
353,4,0
353,5,0
353,6,0
353,7,0.05
353,8,0.158
353,9,0.25
353,10,0.289
353,11,0.273
353,12,0.212
353,13,0.114
353,14,0.007
353,15,0
353,16,0
353,17,0
353,18,0
353,19,0
353,20,0
353,21,0
353,22,0
353,23,0
354,0,0
354,1,0
354,2,0
354,3,0
354,4,0
354,5,0
354,6,0
354,7,0.055
354,8,0.214
354,9,0.371
354,10,0.425
354,11,0.413
354,12,0.317
354,13,0.171
354,14,0.011
354,15,0
354,16,0
354,17,0
354,18,0
354,19,0
354,20,0
354,21,0
354,22,0
354,23,0
355,0,0
355,1,0
355,2,0
355,3,0
355,4,0
355,5,0
355,6,0
355,7,0.091
355,8,0.274
355,9,0.398
355,10,0.388
355,11,0.302
355,12,0.149
355,13,0.034
355,14,0
355,15,0
355,16,0
355,17,0
355,18,0
355,19,0
355,20,0
355,21,0
355,22,0
355,23,0
356,0,0
356,1,0
356,2,0
356,3,0
356,4,0
356,5,0
356,6,0
356,7,0.014
356,8,0.057
356,9,0.112
356,10,0.145
356,11,0.093
356,12,0.048
356,13,0.027
356,14,0.002
356,15,0
356,16,0
356,17,0
356,18,0
356,19,0
356,20,0
356,21,0
356,22,0
356,23,0
357,0,0
357,1,0
357,2,0
357,3,0
357,4,0
357,5,0
357,6,0
357,7,0.005
357,8,0.016
357,9,0.016
357,10,0.011
357,11,0.008
357,12,0.004
357,13,0
357,14,0
357,15,0
357,16,0
357,17,0
357,18,0
357,19,0
357,20,0
357,21,0
357,22,0
357,23,0
358,0,0
358,1,0
358,2,0
358,3,0
358,4,0
358,5,0
358,6,0
358,7,0.002
358,8,0.012
358,9,0.03
358,10,0.038
358,11,0.043
358,12,0.041
358,13,0.019
358,14,0
358,15,0
358,16,0
358,17,0
358,18,0
358,19,0
358,20,0
358,21,0
358,22,0
358,23,0
359,0,0
359,1,0
359,2,0
359,3,0
359,4,0
359,5,0
359,6,0
359,7,0.019
359,8,0.057
359,9,0.075
359,10,0.082
359,11,0.066
359,12,0.033
359,13,0.009
359,14,0
359,15,0
359,16,0
359,17,0
359,18,0
359,19,0
359,20,0
359,21,0
359,22,0
359,23,0
360,0,0
360,1,0
360,2,0
360,3,0
360,4,0
360,5,0
360,6,0
360,7,0.01
360,8,0.035
360,9,0.047
360,10,0.046
360,11,0.046
360,12,0.044
360,13,0.03
360,14,0.002
360,15,0
360,16,0
360,17,0
360,18,0
360,19,0
360,20,0
360,21,0
360,22,0
360,23,0
361,0,0
361,1,0
361,2,0
361,3,0
361,4,0
361,5,0
361,6,0
361,7,0.009
361,8,0.042
361,9,0.079
361,10,0.086
361,11,0.09
361,12,0.064
361,13,0.026
361,14,0
361,15,0
361,16,0
361,17,0
361,18,0
361,19,0
361,20,0
361,21,0
361,22,0
361,23,0
362,0,0
362,1,0
362,2,0
362,3,0
362,4,0
362,5,0
362,6,0
362,7,0.036
362,8,0.137
362,9,0.307
362,10,0.386
362,11,0.311
362,12,0.198
362,13,0.067
362,14,0.003
362,15,0
362,16,0
362,17,0
362,18,0
362,19,0
362,20,0
362,21,0
362,22,0
362,23,0
363,0,0
363,1,0
363,2,0
363,3,0
363,4,0
363,5,0
363,6,0
363,7,0.044
363,8,0.114
363,9,0.171
363,10,0.201
363,11,0.239
363,12,0.195
363,13,0.101
363,14,0.01
363,15,0
363,16,0
363,17,0
363,18,0
363,19,0
363,20,0
363,21,0
363,22,0
363,23,0
364,0,0
364,1,0
364,2,0
364,3,0
364,4,0
364,5,0
364,6,0
364,7,0.015
364,8,0.043
364,9,0.081
364,10,0.128
364,11,0.169
364,12,0.159
364,13,0.085
364,14,0.005
364,15,0
364,16,0
364,17,0
364,18,0
364,19,0
364,20,0
364,21,0
364,22,0
364,23,0
365,0,0
365,1,0
365,2,0
365,3,0
365,4,0
365,5,0
365,6,0
365,7,0.146
365,8,0.201
365,9,0.106
365,10,0.022
365,11,0.031
365,12,0.079
365,13,0.049
365,14,0.001
365,15,0
365,16,0
365,17,0
365,18,0
365,19,0
365,20,0
365,21,0
365,22,0
365,23,0
